MM/DD/YYYY-hr:mn:se,1,2,3,4,5,6,7,8,9,10,11,12,13,14,15,16,17,18,19,20,21,22,23,24,25,26,27,28,29,30,31,32,33,34,35,36
07/30/2025-16:06:23.878187,0.14,0.03,0.0,0.0,0.0,0.0,0.02,0.43,1.0,0.0,0.23,0.11,0.0,3.18,0.09,0.02,0.06,0.01,5.51,0.0,0.06,0.0,0.01,0.0,0.0,0.12,0.03,0.05,0.02,0.04,0.0,0.0,0.53,0.0,0.11,0.03
07/30/2025-16:06:24.358011,0.09,0.0,0.0,0.0,0.0,0.02,-0.0,0.55,0.9,0.0,0.3,0.16,0.0,1.62,0.1,0.03,0.04,0.01,4.04,0.0,0.14,0.0,0.0,-0.0,0.0,0.22,0.17,0.09,0.02,0.0,0.06,0.0,0.01,0.0,0.15,0.03
07/30/2025-16:06:24.803496,0.09,0.0,0.0,0.0,0.0,0.02,-0.0,0.55,0.9,0.0,0.3,0.16,0.0,1.62,0.1,0.03,0.04,0.01,4.04,0.0,0.14,0.0,0.0,-0.0,0.0,0.22,0.17,0.09,0.02,0.0,0.06,0.0,0.01,0.0,0.15,0.03
07/30/2025-16:06:25.322886,0.09,0.0,0.0,0.0,0.0,0.02,-0.0,0.55,0.9,0.0,0.3,0.16,0.0,1.62,0.1,0.03,0.04,0.01,4.04,0.0,0.14,0.0,0.0,-0.0,0.0,0.22,0.17,0.09,0.02,0.0,0.06,0.0,0.01,0.0,0.15,0.03
07/30/2025-16:06:25.776911,0.09,0.0,0.0,0.0,0.0,0.02,-0.0,0.55,0.9,0.0,0.3,0.16,0.0,1.62,0.1,0.03,0.04,0.01,4.04,0.0,0.14,0.0,0.0,-0.0,0.0,0.22,0.17,0.09,0.02,0.0,0.06,0.0,0.01,0.0,0.15,0.03
07/30/2025-16:06:26.237025,0.09,0.0,0.0,0.0,0.0,0.0,0.0,1.23,0.95,0.0,0.24,0.15,0.0,2.04,0.12,0.02,0.07,0.02,5.14,0.0,0.14,0.0,0.01,-0.0,0.0,0.09,0.35,0.14,0.02,0.03,0.07,0.0,0.91,0.0,0.18,0.04
07/30/2025-16:06:26.723658,0.09,0.0,0.0,0.0,0.0,0.0,0.0,1.23,0.95,0.0,0.24,0.15,0.0,2.04,0.12,0.02,0.07,0.02,5.14,0.0,0.14,0.0,0.01,-0.0,0.0,0.09,0.35,0.14,0.02,0.03,0.07,0.0,0.91,0.0,0.18,0.04
07/30/2025-16:06:27.241765,0.09,0.0,0.0,0.0,0.0,0.0,0.0,1.23,0.95,0.0,0.24,0.15,0.0,2.04,0.12,0.02,0.07,0.02,5.14,0.0,0.14,0.0,0.01,-0.0,0.0,0.09,0.35,0.14,0.02,0.03,0.07,0.0,0.91,0.0,0.18,0.04
07/30/2025-16:06:27.830961,0.09,0.0,0.0,0.0,0.0,0.0,0.0,1.23,0.95,0.0,0.24,0.15,0.0,2.04,0.12,0.02,0.07,0.02,5.14,0.0,0.14,0.0,0.01,-0.0,0.0,0.09,0.35,0.14,0.02,0.03,0.07,0.0,0.91,0.0,0.18,0.04
07/30/2025-16:06:28.813129,0.18,0.03,-0.0,0.0,0.0,-0.0,0.0,0.96,1.07,0.0,0.29,0.16,0.0,2.4,0.14,0.03,0.07,0.0,10.66,0.0,0.11,0.0,0.01,0.04,0.0,0.13,0.35,0.14,0.05,0.06,0.12,0.0,1.49,0.0,0.2,0.03
07/30/2025-16:06:29.276611,0.18,0.03,-0.0,0.0,0.0,-0.0,0.0,0.96,1.07,0.0,0.29,0.16,0.0,2.4,0.14,0.03,0.07,0.0,10.66,0.0,0.11,0.0,0.01,0.04,0.0,0.13,0.35,0.14,0.05,0.06,0.12,0.0,1.49,0.0,0.2,0.03
07/30/2025-16:06:29.723224,0.18,0.0,0.0,0.0,1.43,0.0,0.0,0.81,1.1,0.0,0.25,0.11,0.0,2.04,0.18,0.03,0.1,0.02,0.0,0.0,0.12,0.0,0.0,0.0,0.0,0.23,0.26,0.13,0.07,0.06,0.22,0.0,0.56,0.0,0.27,0.06
07/30/2025-16:06:30.227650,0.18,0.0,0.0,0.0,1.43,0.0,0.0,0.81,1.1,0.0,0.25,0.11,0.0,2.04,0.18,0.03,0.1,0.02,0.0,0.0,0.12,0.0,0.0,0.0,0.0,0.23,0.26,0.13,0.07,0.06,0.22,0.0,0.56,0.0,0.27,0.06
07/30/2025-16:06:30.735828,0.18,0.0,0.0,0.0,1.43,0.0,0.0,0.81,1.1,0.0,0.25,0.11,0.0,2.04,0.18,0.03,0.1,0.02,0.0,0.0,0.12,0.0,0.0,0.0,0.0,0.23,0.26,0.13,0.07,0.06,0.22,0.0,0.56,0.0,0.27,0.06
07/30/2025-16:06:31.201151,0.18,0.0,0.0,0.0,1.43,0.0,0.0,0.81,1.1,0.0,0.25,0.11,0.0,2.04,0.18,0.03,0.1,0.02,0.0,0.0,0.12,0.0,0.0,0.0,0.0,0.23,0.26,0.13,0.07,0.06,0.22,0.0,0.56,0.0,0.27,0.06
07/30/2025-16:06:31.671394,0.18,11.72,0.0,0.0,1.02,0.0,0.0,2.79,2.7,0.0,0.32,0.03,0.0,0.0,1.48,1.72,1.2,0.07,0.0,0.0,0.0,0.42,1.11,0.02,0.0,3.61,0.0,0.0,0.54,0.0,0.0,0.0,0.0,0.66,0.18,0.06
07/30/2025-16:06:32.112905,0.18,11.72,0.0,0.0,1.02,0.0,0.0,2.79,2.7,0.0,0.32,0.03,0.0,0.0,1.48,1.72,1.2,0.07,0.0,0.0,0.0,0.42,1.11,0.02,0.0,3.61,0.0,0.0,0.54,0.0,0.0,0.0,0.0,0.66,0.18,0.06
07/30/2025-16:06:32.539302,0.18,11.72,0.0,0.0,1.02,0.0,0.0,2.79,2.7,0.0,0.32,0.03,0.0,0.0,1.48,1.72,1.2,0.07,0.0,0.0,0.0,0.42,1.11,0.02,0.0,3.61,0.0,0.0,0.54,0.0,0.0,0.0,0.0,0.66,0.18,0.06
07/30/2025-16:06:32.993313,0.18,11.72,0.0,0.0,1.02,0.0,0.0,2.79,2.7,0.0,0.32,0.03,0.0,0.0,1.48,1.72,1.2,0.07,0.0,0.0,0.0,0.42,1.11,0.02,0.0,3.61,0.0,0.0,0.54,0.0,0.0,0.0,0.0,0.66,0.18,0.06
07/30/2025-16:06:33.451193,0.14,6.52,0.0,0.0,0.0,0.0,0.0,6.19,16.69,0.0,0.04,0.87,0.0,0.0,3.25,1.99,0.97,0.13,0.0,0.0,0.0,0.0,0.97,0.0,0.0,4.63,0.0,0.0,0.56,0.06,0.0,0.0,0.0,0.08,0.18,0.08
07/30/2025-16:06:33.934210,0.14,6.52,0.0,0.0,0.0,0.0,0.0,6.19,16.69,0.0,0.04,0.87,0.0,0.0,3.25,1.99,0.97,0.13,0.0,0.0,0.0,0.0,0.97,0.0,0.0,4.63,0.0,0.0,0.56,0.06,0.0,0.0,0.0,0.08,0.18,0.08
07/30/2025-16:06:34.439534,0.14,6.52,0.0,0.0,0.0,0.0,0.0,6.19,16.69,0.0,0.04,0.87,0.0,0.0,3.25,1.99,0.97,0.13,0.0,0.0,0.0,0.0,0.97,0.0,0.0,4.63,0.0,0.0,0.56,0.06,0.0,0.0,0.0,0.08,0.18,0.08
07/30/2025-16:06:35.096160,0.05,4.12,0.0,0.0,0.0,0.0,0.0,7.16,16.79,0.0,0.32,0.85,0.0,2.63,4.04,2.51,1.53,0.21,0.0,0.0,0.0,0.0,1.51,0.04,0.0,7.71,0.0,0.0,0.77,0.07,0.0,0.0,0.0,0.19,0.26,0.08
07/30/2025-16:06:35.637257,0.05,4.12,0.0,0.0,0.0,0.0,0.0,7.16,16.79,0.0,0.32,0.85,0.0,2.63,4.04,2.51,1.53,0.21,0.0,0.0,0.0,0.0,1.51,0.04,0.0,7.71,0.0,0.0,0.77,0.07,0.0,0.0,0.0,0.19,0.26,0.08
07/30/2025-16:06:36.094649,0.05,4.12,0.0,0.0,0.0,0.0,0.0,7.16,16.79,0.0,0.32,0.85,0.0,2.63,4.04,2.51,1.53,0.21,0.0,0.0,0.0,0.0,1.51,0.04,0.0,7.71,0.0,0.0,0.77,0.07,0.0,0.0,0.0,0.19,0.26,0.08
07/30/2025-16:06:36.605324,0.05,4.12,0.0,0.0,0.0,0.0,0.0,7.16,16.79,0.0,0.32,0.85,0.0,2.63,4.04,2.51,1.53,0.21,0.0,0.0,0.0,0.0,1.51,0.04,0.0,7.71,0.0,0.0,0.77,0.07,0.0,0.0,0.0,0.19,0.26,0.08
07/30/2025-16:06:37.036901,0.18,3.9,0.0,0.0,0.14,0.0,0.0,8.07,14.02,0.0,0.18,0.74,0.0,3.51,4.33,2.55,1.69,0.12,0.0,0.0,0.0,0.0,1.74,0.08,0.0,8.5,0.0,0.0,0.97,0.07,0.0,0.0,0.0,0.12,0.44,0.08
07/30/2025-16:06:37.511067,0.18,3.9,0.0,0.0,0.14,0.0,0.0,8.07,14.02,0.0,0.18,0.74,0.0,3.51,4.33,2.55,1.69,0.12,0.0,0.0,0.0,0.0,1.74,0.08,0.0,8.5,0.0,0.0,0.97,0.07,0.0,0.0,0.0,0.12,0.44,0.08
07/30/2025-16:06:37.990868,0.18,3.9,0.0,0.0,0.14,0.0,0.0,8.07,14.02,0.0,0.18,0.74,0.0,3.51,4.33,2.55,1.69,0.12,0.0,0.0,0.0,0.0,1.74,0.08,0.0,8.5,0.0,0.0,0.97,0.07,0.0,0.0,0.0,0.12,0.44,0.08
07/30/2025-16:06:38.427962,0.18,3.9,0.0,0.0,0.14,0.0,0.0,8.07,14.02,0.0,0.18,0.74,0.0,3.51,4.33,2.55,1.69,0.12,0.0,0.0,0.0,0.0,1.74,0.08,0.0,8.5,0.0,0.0,0.97,0.07,0.0,0.0,0.0,0.12,0.44,0.08
07/30/2025-16:06:38.908932,0.14,3.06,0.0,0.0,0.0,0.0,0.0,9.62,18.17,0.0,0.38,0.79,0.0,6.77,5.0,2.81,2.03,0.27,0.0,0.0,0.0,0.0,2.01,0.09,0.0,9.26,0.0,0.0,0.99,0.09,0.0,0.0,0.0,0.0,0.46,0.1
07/30/2025-16:06:39.346759,0.14,3.06,0.0,0.0,0.0,0.0,0.0,9.62,18.17,0.0,0.38,0.79,0.0,6.77,5.0,2.81,2.03,0.27,0.0,0.0,0.0,0.0,2.01,0.09,0.0,9.26,0.0,0.0,0.99,0.09,0.0,0.0,0.0,0.0,0.46,0.1
07/30/2025-16:06:39.786329,0.14,3.06,0.0,0.0,0.0,0.0,0.0,9.62,18.17,0.0,0.38,0.79,0.0,6.77,5.0,2.81,2.03,0.27,0.0,0.0,0.0,0.0,2.01,0.09,0.0,9.26,0.0,0.0,0.99,0.09,0.0,0.0,0.0,0.0,0.46,0.1
07/30/2025-16:06:40.287688,0.18,2.62,0.0,0.0,0.0,0.0,0.0,10.65,16.17,0.0,0.52,0.97,0.0,8.22,5.25,3.03,2.17,0.1,0.0,0.0,0.0,0.0,2.1,0.08,0.0,9.03,0.0,0.0,1.04,0.12,0.0,0.0,0.0,0.0,0.44,0.08
07/30/2025-16:06:40.760959,0.18,2.62,0.0,0.0,0.0,0.0,0.0,10.65,16.17,0.0,0.52,0.97,0.0,8.22,5.25,3.03,2.17,0.1,0.0,0.0,0.0,0.0,2.1,0.08,0.0,9.03,0.0,0.0,1.04,0.12,0.0,0.0,0.0,0.0,0.44,0.08
07/30/2025-16:06:41.209396,0.18,2.62,0.0,0.0,0.0,0.0,0.0,10.65,16.17,0.0,0.52,0.97,0.0,8.22,5.25,3.03,2.17,0.1,0.0,0.0,0.0,0.0,2.1,0.08,0.0,9.03,0.0,0.0,1.04,0.12,0.0,0.0,0.0,0.0,0.44,0.08
07/30/2025-16:06:41.648864,0.18,2.62,0.0,0.0,0.0,0.0,0.0,10.65,16.17,0.0,0.52,0.97,0.0,8.22,5.25,3.03,2.17,0.1,0.0,0.0,0.0,0.0,2.1,0.08,0.0,9.03,0.0,0.0,1.04,0.12,0.0,0.0,0.0,0.0,0.44,0.08
07/30/2025-16:06:42.142963,0.27,2.28,0.0,0.0,0.0,0.0,0.0,11.06,17.36,0.0,0.65,0.91,0.0,9.28,5.46,3.06,2.14,0.14,0.0,0.0,0.0,0.0,2.12,0.08,0.0,9.68,0.08,0.0,1.17,0.09,0.0,0.0,0.0,0.0,0.32,0.11
07/30/2025-16:06:42.620168,0.27,2.28,0.0,0.0,0.0,0.0,0.0,11.06,17.36,0.0,0.65,0.91,0.0,9.28,5.46,3.06,2.14,0.14,0.0,0.0,0.0,0.0,2.12,0.08,0.0,9.68,0.08,0.0,1.17,0.09,0.0,0.0,0.0,0.0,0.32,0.11
07/30/2025-16:06:43.091336,0.27,2.28,0.0,0.0,0.0,0.0,0.0,11.06,17.36,0.0,0.65,0.91,0.0,9.28,5.46,3.06,2.14,0.14,0.0,0.0,0.0,0.0,2.12,0.08,0.0,9.68,0.08,0.0,1.17,0.09,0.0,0.0,0.0,0.0,0.32,0.11
07/30/2025-16:06:43.571235,0.27,2.28,0.0,0.0,0.0,0.0,0.0,11.06,17.36,0.0,0.65,0.91,0.0,9.28,5.46,3.06,2.14,0.14,0.0,0.0,0.0,0.0,2.12,0.08,0.0,9.68,0.08,0.0,1.17,0.09,0.0,0.0,0.0,0.0,0.32,0.11
07/30/2025-16:06:44.038032,0.05,2.34,0.0,0.0,0.0,0.0,0.0,10.43,17.72,0.0,0.61,0.72,0.0,8.88,5.56,3.25,2.22,0.11,0.0,0.0,0.0,0.0,2.2,0.09,0.0,9.96,0.35,0.07,1.24,0.12,0.0,0.0,0.0,0.0,0.21,0.1
07/30/2025-16:06:44.489805,0.05,2.34,0.0,0.0,0.0,0.0,0.0,10.43,17.72,0.0,0.61,0.72,0.0,8.88,5.56,3.25,2.22,0.11,0.0,0.0,0.0,0.0,2.2,0.09,0.0,9.96,0.35,0.07,1.24,0.12,0.0,0.0,0.0,0.0,0.21,0.1
07/30/2025-16:06:44.966181,0.05,2.34,0.0,0.0,0.0,0.0,0.0,10.43,17.72,0.0,0.61,0.72,0.0,8.88,5.56,3.25,2.22,0.11,0.0,0.0,0.0,0.0,2.2,0.09,0.0,9.96,0.35,0.07,1.24,0.12,0.0,0.0,0.0,0.0,0.21,0.1
07/30/2025-16:06:45.415166,0.05,2.34,0.0,0.0,0.0,0.0,0.0,10.43,17.72,0.0,0.61,0.72,0.0,8.88,5.56,3.25,2.22,0.11,0.0,0.0,0.0,0.0,2.2,0.09,0.0,9.96,0.35,0.07,1.24,0.12,0.0,0.0,0.0,0.0,0.21,0.1
07/30/2025-16:06:45.879726,0.14,2.12,0.0,0.0,0.0,0.0,0.0,10.67,18.68,0.0,0.67,0.87,0.0,9.04,5.48,3.31,2.3,0.12,0.0,0.0,0.0,0.0,2.28,0.11,0.0,11.82,0.84,0.0,1.34,0.1,0.0,0.0,0.0,0.0,0.41,0.12
07/30/2025-16:06:46.334996,0.14,2.12,0.0,0.0,0.0,0.0,0.0,10.67,18.68,0.0,0.67,0.87,0.0,9.04,5.48,3.31,2.3,0.12,0.0,0.0,0.0,0.0,2.28,0.11,0.0,11.82,0.84,0.0,1.34,0.1,0.0,0.0,0.0,0.0,0.41,0.12
07/30/2025-16:06:46.750251,0.14,2.12,0.0,0.0,0.0,0.0,0.0,10.67,18.68,0.0,0.67,0.87,0.0,9.04,5.48,3.31,2.3,0.12,0.0,0.0,0.0,0.0,2.28,0.11,0.0,11.82,0.84,0.0,1.34,0.1,0.0,0.0,0.0,0.0,0.41,0.12
07/30/2025-16:06:47.285865,0.14,2.12,0.0,0.0,0.0,0.0,0.0,10.67,18.68,0.0,0.67,0.87,0.0,9.04,5.48,3.31,2.3,0.12,0.0,0.0,0.0,0.0,2.28,0.11,0.0,11.82,0.84,0.0,1.34,0.1,0.0,0.0,0.0,0.0,0.41,0.12
07/30/2025-16:06:47.753469,0.18,2.45,0.0,0.0,0.0,0.0,0.0,11.15,18.55,0.0,0.75,0.83,0.0,9.68,5.65,3.39,2.39,0.13,0.0,0.0,0.0,0.0,2.3,0.13,0.0,13.01,1.01,0.02,1.4,0.1,0.0,0.0,0.0,0.0,0.45,0.1
07/30/2025-16:06:48.199257,0.18,2.45,0.0,0.0,0.0,0.0,0.0,11.15,18.55,0.0,0.75,0.83,0.0,9.68,5.65,3.39,2.39,0.13,0.0,0.0,0.0,0.0,2.3,0.13,0.0,13.01,1.01,0.02,1.4,0.1,0.0,0.0,0.0,0.0,0.45,0.1
07/30/2025-16:06:48.652736,0.18,2.45,0.0,0.0,0.0,0.0,0.0,11.15,18.55,0.0,0.75,0.83,0.0,9.68,5.65,3.39,2.39,0.13,0.0,0.0,0.0,0.0,2.3,0.13,0.0,13.01,1.01,0.02,1.4,0.1,0.0,0.0,0.0,0.0,0.45,0.1
07/30/2025-16:06:49.127391,0.14,2.2,0.0,0.0,0.0,0.0,0.0,11.57,18.88,0.0,0.72,0.91,0.0,10.69,5.82,3.4,2.4,0.21,0.0,0.0,0.17,0.0,2.35,0.09,0.0,13.09,1.14,0.0,1.31,0.12,0.0,0.0,0.0,0.0,0.59,0.11
07/30/2025-16:06:49.570342,0.14,2.2,0.0,0.0,0.0,0.0,0.0,11.57,18.88,0.0,0.72,0.91,0.0,10.69,5.82,3.4,2.4,0.21,0.0,0.0,0.17,0.0,2.35,0.09,0.0,13.09,1.14,0.0,1.31,0.12,0.0,0.0,0.0,0.0,0.59,0.11
07/30/2025-16:06:50.143980,0.14,2.2,0.0,0.0,0.0,0.0,0.0,11.57,18.88,0.0,0.72,0.91,0.0,10.69,5.82,3.4,2.4,0.21,0.0,0.0,0.17,0.0,2.35,0.09,0.0,13.09,1.14,0.0,1.31,0.12,0.0,0.0,0.0,0.0,0.59,0.11
07/30/2025-16:06:50.586673,0.14,2.2,0.0,0.0,0.0,0.0,0.0,11.57,18.88,0.0,0.72,0.91,0.0,10.69,5.82,3.4,2.4,0.21,0.0,0.0,0.17,0.0,2.35,0.09,0.0,13.09,1.14,0.0,1.31,0.12,0.0,0.0,0.0,0.0,0.59,0.11
07/30/2025-16:06:51.057134,0.05,2.0,0.0,0.0,0.0,0.0,0.0,11.56,18.52,0.0,0.84,1.02,0.0,10.54,5.82,3.48,2.46,0.16,0.0,0.0,0.15,0.0,2.36,0.13,0.0,12.61,1.32,0.0,1.36,0.16,0.0,0.0,0.0,0.0,0.9,0.13
07/30/2025-16:06:51.555636,0.05,2.0,0.0,0.0,0.0,0.0,0.0,11.56,18.52,0.0,0.84,1.02,0.0,10.54,5.82,3.48,2.46,0.16,0.0,0.0,0.15,0.0,2.36,0.13,0.0,12.61,1.32,0.0,1.36,0.16,0.0,0.0,0.0,0.0,0.9,0.13
07/30/2025-16:06:52.118901,0.05,2.0,0.0,0.0,0.0,0.0,0.0,11.56,18.52,0.0,0.84,1.02,0.0,10.54,5.82,3.48,2.46,0.16,0.0,0.0,0.15,0.0,2.36,0.13,0.0,12.61,1.32,0.0,1.36,0.16,0.0,0.0,0.0,0.0,0.9,0.13
07/30/2025-16:06:52.656612,0.23,2.0,0.0,0.0,0.0,0.0,0.0,11.85,18.48,0.0,0.85,1.17,0.0,10.48,5.76,3.49,2.47,0.16,0.0,0.0,0.39,0.0,2.38,0.15,0.0,11.49,1.22,0.22,1.38,0.15,0.0,0.0,0.0,0.0,0.87,0.14
07/30/2025-16:06:53.182676,0.23,2.0,0.0,0.0,0.0,0.0,0.0,11.85,18.48,0.0,0.85,1.17,0.0,10.48,5.76,3.49,2.47,0.16,0.0,0.0,0.39,0.0,2.38,0.15,0.0,11.49,1.22,0.22,1.38,0.15,0.0,0.0,0.0,0.0,0.87,0.14
07/30/2025-16:06:53.617826,0.23,2.0,0.0,0.0,0.0,0.0,0.0,11.85,18.48,0.0,0.85,1.17,0.0,10.48,5.76,3.49,2.47,0.16,0.0,0.0,0.39,0.0,2.38,0.15,0.0,11.49,1.22,0.22,1.38,0.15,0.0,0.0,0.0,0.0,0.87,0.14
07/30/2025-16:06:54.163691,0.23,2.0,0.0,0.0,0.0,0.0,0.0,11.85,18.48,0.0,0.85,1.17,0.0,10.48,5.76,3.49,2.47,0.16,0.0,0.0,0.39,0.0,2.38,0.15,0.0,11.49,1.22,0.22,1.38,0.15,0.0,0.0,0.0,0.0,0.87,0.14
07/30/2025-16:06:54.620472,0.0,2.17,0.0,0.0,0.0,0.0,0.0,11.86,16.37,0.0,0.8,1.06,0.0,10.08,5.82,3.51,2.53,0.22,0.0,0.0,0.32,0.0,2.39,0.15,0.0,12.11,1.32,0.33,1.41,0.07,0.0,0.0,0.0,0.0,0.9,0.14
07/30/2025-16:06:55.076613,0.0,2.17,0.0,0.0,0.0,0.0,0.0,11.86,16.37,0.0,0.8,1.06,0.0,10.08,5.82,3.51,2.53,0.22,0.0,0.0,0.32,0.0,2.39,0.15,0.0,12.11,1.32,0.33,1.41,0.07,0.0,0.0,0.0,0.0,0.9,0.14
07/30/2025-16:06:55.569677,0.0,2.17,0.0,0.0,0.0,0.0,0.0,11.86,16.37,0.0,0.8,1.06,0.0,10.08,5.82,3.51,2.53,0.22,0.0,0.0,0.32,0.0,2.39,0.15,0.0,12.11,1.32,0.33,1.41,0.07,0.0,0.0,0.0,0.0,0.9,0.14
07/30/2025-16:06:56.096930,0.0,2.17,0.0,0.0,0.0,0.0,0.0,11.86,16.37,0.0,0.8,1.06,0.0,10.08,5.82,3.51,2.53,0.22,0.0,0.0,0.32,0.0,2.39,0.15,0.0,12.11,1.32,0.33,1.41,0.07,0.0,0.0,0.0,0.0,0.9,0.14
07/30/2025-16:06:56.559941,0.09,1.98,0.0,0.0,0.0,0.0,0.0,11.88,17.2,0.0,0.83,1.27,0.0,10.56,6.01,3.59,2.54,0.2,0.0,0.0,0.37,0.0,2.44,0.15,0.0,13.64,1.42,0.34,1.48,0.16,0.0,0.0,0.0,0.0,1.02,0.14
07/30/2025-16:06:57.033290,0.09,1.98,0.0,0.0,0.0,0.0,0.0,11.88,17.2,0.0,0.83,1.27,0.0,10.56,6.01,3.59,2.54,0.2,0.0,0.0,0.37,0.0,2.44,0.15,0.0,13.64,1.42,0.34,1.48,0.16,0.0,0.0,0.0,0.0,1.02,0.14
07/30/2025-16:06:57.507781,0.09,1.98,0.0,0.0,0.0,0.0,0.0,11.88,17.2,0.0,0.83,1.27,0.0,10.56,6.01,3.59,2.54,0.2,0.0,0.0,0.37,0.0,2.44,0.15,0.0,13.64,1.42,0.34,1.48,0.16,0.0,0.0,0.0,0.0,1.02,0.14
07/30/2025-16:06:58.064573,0.14,1.95,0.0,0.0,0.0,0.0,0.0,11.78,16.03,0.0,0.81,1.35,0.0,11.84,6.26,3.58,2.56,0.22,0.0,0.0,0.42,0.0,2.47,0.15,0.0,13.76,1.34,0.53,1.51,0.12,0.0,0.0,0.0,0.0,0.98,0.14
07/30/2025-16:06:58.527964,0.14,1.95,0.0,0.0,0.0,0.0,0.0,11.78,16.03,0.0,0.81,1.35,0.0,11.84,6.26,3.58,2.56,0.22,0.0,0.0,0.42,0.0,2.47,0.15,0.0,13.76,1.34,0.53,1.51,0.12,0.0,0.0,0.0,0.0,0.98,0.14
07/30/2025-16:06:58.975605,0.14,1.95,0.0,0.0,0.0,0.0,0.0,11.78,16.03,0.0,0.81,1.35,0.0,11.84,6.26,3.58,2.56,0.22,0.0,0.0,0.42,0.0,2.47,0.15,0.0,13.76,1.34,0.53,1.51,0.12,0.0,0.0,0.0,0.0,0.98,0.14
07/30/2025-16:06:59.519859,0.14,1.95,0.0,0.0,0.0,0.0,0.0,11.78,16.03,0.0,0.81,1.35,0.0,11.84,6.26,3.58,2.56,0.22,0.0,0.0,0.42,0.0,2.47,0.15,0.0,13.76,1.34,0.53,1.51,0.12,0.0,0.0,0.0,0.0,0.98,0.14
07/30/2025-16:06:59.988529,0.09,1.87,0.0,0.0,0.0,0.0,0.0,12.18,17.41,0.0,0.92,1.45,0.0,12.66,6.27,3.66,2.65,0.24,0.0,0.0,0.49,0.0,2.5,0.17,0.0,13.72,1.72,0.57,1.48,0.13,0.0,0.0,0.0,0.0,0.99,0.16
07/30/2025-16:07:00.458675,0.09,1.87,0.0,0.0,0.0,0.0,0.0,12.18,17.41,0.0,0.92,1.45,0.0,12.66,6.27,3.66,2.65,0.24,0.0,0.0,0.49,0.0,2.5,0.17,0.0,13.72,1.72,0.57,1.48,0.13,0.0,0.0,0.0,0.0,0.99,0.16
07/30/2025-16:07:00.987304,0.09,1.87,0.0,0.0,0.0,0.0,0.0,12.18,17.41,0.0,0.92,1.45,0.0,12.66,6.27,3.66,2.65,0.24,0.0,0.0,0.49,0.0,2.5,0.17,0.0,13.72,1.72,0.57,1.48,0.13,0.0,0.0,0.0,0.0,0.99,0.16
07/30/2025-16:07:01.487327,0.09,1.87,0.0,0.0,0.0,0.0,0.0,12.18,17.41,0.0,0.92,1.45,0.0,12.66,6.27,3.66,2.65,0.24,0.0,0.0,0.49,0.0,2.5,0.17,0.0,13.72,1.72,0.57,1.48,0.13,0.0,0.0,0.0,0.0,0.99,0.16
07/30/2025-16:07:01.959555,0.14,1.84,0.0,0.0,0.0,0.0,0.0,12.02,17.45,0.0,1.0,1.35,0.0,13.06,6.38,3.72,2.66,0.24,0.0,0.0,0.52,0.0,2.51,0.11,0.0,14.82,2.05,0.46,1.53,0.16,0.0,0.0,0.0,0.0,0.95,0.15
07/30/2025-16:07:02.448901,0.14,1.84,0.0,0.0,0.0,0.0,0.0,12.02,17.45,0.0,1.0,1.35,0.0,13.06,6.38,3.72,2.66,0.24,0.0,0.0,0.52,0.0,2.51,0.11,0.0,14.82,2.05,0.46,1.53,0.16,0.0,0.0,0.0,0.0,0.95,0.15
07/30/2025-16:07:02.889217,0.14,1.84,0.0,0.0,0.0,0.0,0.0,12.02,17.45,0.0,1.0,1.35,0.0,13.06,6.38,3.72,2.66,0.24,0.0,0.0,0.52,0.0,2.51,0.11,0.0,14.82,2.05,0.46,1.53,0.16,0.0,0.0,0.0,0.0,0.95,0.15
07/30/2025-16:07:03.355717,0.09,1.64,0.0,0.0,0.0,0.0,0.0,12.46,17.13,0.0,0.95,1.47,0.0,12.92,6.63,3.73,2.69,0.29,0.0,0.0,0.58,0.0,2.54,0.17,0.0,14.81,2.2,0.66,1.57,0.18,0.0,0.0,0.0,0.0,1.03,0.16
07/30/2025-16:07:03.816625,0.09,1.64,0.0,0.0,0.0,0.0,0.0,12.46,17.13,0.0,0.95,1.47,0.0,12.92,6.63,3.73,2.69,0.29,0.0,0.0,0.58,0.0,2.54,0.17,0.0,14.81,2.2,0.66,1.57,0.18,0.0,0.0,0.0,0.0,1.03,0.16
07/30/2025-16:07:04.273510,0.09,1.64,0.0,0.0,0.0,0.0,0.0,12.46,17.13,0.0,0.95,1.47,0.0,12.92,6.63,3.73,2.69,0.29,0.0,0.0,0.58,0.0,2.54,0.17,0.0,14.81,2.2,0.66,1.57,0.18,0.0,0.0,0.0,0.0,1.03,0.16
07/30/2025-16:07:04.713721,0.09,1.64,0.0,0.0,0.0,0.0,0.0,12.46,17.13,0.0,0.95,1.47,0.0,12.92,6.63,3.73,2.69,0.29,0.0,0.0,0.58,0.0,2.54,0.17,0.0,14.81,2.2,0.66,1.57,0.18,0.0,0.0,0.0,0.0,1.03,0.16
07/30/2025-16:07:05.189131,0.27,1.81,0.0,0.0,0.0,0.0,0.0,12.65,17.12,0.0,0.89,1.43,0.0,13.21,6.52,3.73,2.68,0.26,0.0,0.0,0.61,0.0,2.48,0.21,0.0,13.74,2.22,0.38,1.57,0.16,0.0,0.0,0.0,0.0,1.08,0.18
07/30/2025-16:07:05.645869,0.27,1.81,0.0,0.0,0.0,0.0,0.0,12.65,17.12,0.0,0.89,1.43,0.0,13.21,6.52,3.73,2.68,0.26,0.0,0.0,0.61,0.0,2.48,0.21,0.0,13.74,2.22,0.38,1.57,0.16,0.0,0.0,0.0,0.0,1.08,0.18
07/30/2025-16:07:06.126415,0.27,1.81,0.0,0.0,0.0,0.0,0.0,12.65,17.12,0.0,0.89,1.43,0.0,13.21,6.52,3.73,2.68,0.26,0.0,0.0,0.61,0.0,2.48,0.21,0.0,13.74,2.22,0.38,1.57,0.16,0.0,0.0,0.0,0.0,1.08,0.18
07/30/2025-16:07:06.561273,0.27,1.81,0.0,0.0,0.0,0.0,0.0,12.65,17.12,0.0,0.89,1.43,0.0,13.21,6.52,3.73,2.68,0.26,0.0,0.0,0.61,0.0,2.48,0.21,0.0,13.74,2.22,0.38,1.57,0.16,0.0,0.0,0.0,0.0,1.08,0.18
07/30/2025-16:07:07.078471,0.05,1.59,0.0,0.0,0.0,0.0,0.0,12.63,16.13,0.0,1.05,1.39,0.0,13.42,6.47,3.78,2.73,0.26,0.0,0.0,0.58,0.0,2.56,0.21,0.0,13.81,2.33,0.59,1.55,0.15,0.0,0.03,0.0,0.0,1.06,0.19
07/30/2025-16:07:07.596929,0.05,1.59,0.0,0.0,0.0,0.0,0.0,12.63,16.13,0.0,1.05,1.39,0.0,13.42,6.47,3.78,2.73,0.26,0.0,0.0,0.58,0.0,2.56,0.21,0.0,13.81,2.33,0.59,1.55,0.15,0.0,0.03,0.0,0.0,1.06,0.19
07/30/2025-16:07:08.116979,0.05,1.59,0.0,0.0,0.0,0.0,0.0,12.63,16.13,0.0,1.05,1.39,0.0,13.42,6.47,3.78,2.73,0.26,0.0,0.0,0.58,0.0,2.56,0.21,0.0,13.81,2.33,0.59,1.55,0.15,0.0,0.03,0.0,0.0,1.06,0.19
07/30/2025-16:07:08.581509,0.05,1.59,0.0,0.0,0.0,0.0,0.0,12.63,16.13,0.0,1.05,1.39,0.0,13.42,6.47,3.78,2.73,0.26,0.0,0.0,0.58,0.0,2.56,0.21,0.0,13.81,2.33,0.59,1.55,0.15,0.0,0.03,0.0,0.0,1.06,0.19
07/30/2025-16:07:09.034306,0.18,1.59,0.0,0.0,0.0,0.0,0.0,12.51,16.02,0.0,1.06,1.09,0.0,13.53,6.2,3.76,2.77,0.26,0.0,0.0,0.6,0.0,2.59,0.17,0.0,14.45,2.2,0.51,1.55,0.13,0.0,0.03,0.0,0.19,1.14,0.19
07/30/2025-16:07:09.478853,0.18,1.59,0.0,0.0,0.0,0.0,0.0,12.51,16.02,0.0,1.06,1.09,0.0,13.53,6.2,3.76,2.77,0.26,0.0,0.0,0.6,0.0,2.59,0.17,0.0,14.45,2.2,0.51,1.55,0.13,0.0,0.03,0.0,0.19,1.14,0.19
07/30/2025-16:07:09.985932,0.18,1.59,0.0,0.0,0.0,0.0,0.0,12.51,16.02,0.0,1.06,1.09,0.0,13.53,6.2,3.76,2.77,0.26,0.0,0.0,0.6,0.0,2.59,0.17,0.0,14.45,2.2,0.51,1.55,0.13,0.0,0.03,0.0,0.19,1.14,0.19
07/30/2025-16:07:10.426036,0.14,1.56,0.0,0.0,0.0,0.0,0.0,12.27,15.84,0.0,1.11,1.06,0.0,14.14,6.34,3.84,2.79,0.24,0.0,0.0,0.62,0.0,2.6,0.19,0.0,14.37,2.45,0.62,1.57,0.22,0.0,0.05,0.0,0.0,1.24,0.2
07/30/2025-16:07:10.879824,0.14,1.56,0.0,0.0,0.0,0.0,0.0,12.27,15.84,0.0,1.11,1.06,0.0,14.14,6.34,3.84,2.79,0.24,0.0,0.0,0.62,0.0,2.6,0.19,0.0,14.37,2.45,0.62,1.57,0.22,0.0,0.05,0.0,0.0,1.24,0.2
07/30/2025-16:07:11.372394,0.14,1.56,0.0,0.0,0.0,0.0,0.0,12.27,15.84,0.0,1.11,1.06,0.0,14.14,6.34,3.84,2.79,0.24,0.0,0.0,0.62,0.0,2.6,0.19,0.0,14.37,2.45,0.62,1.57,0.22,0.0,0.05,0.0,0.0,1.24,0.2
07/30/2025-16:07:11.846809,0.14,1.56,0.0,0.0,0.0,0.0,0.0,12.27,15.84,0.0,1.11,1.06,0.0,14.14,6.34,3.84,2.79,0.24,0.0,0.0,0.62,0.0,2.6,0.19,0.0,14.37,2.45,0.62,1.57,0.22,0.0,0.05,0.0,0.0,1.24,0.2
07/30/2025-16:07:12.308394,0.09,1.5,0.0,0.0,0.0,0.0,0.0,11.91,16.02,0.0,1.12,1.09,0.0,14.22,6.27,3.86,2.79,0.23,0.0,0.0,0.6,0.0,2.65,0.23,0.0,14.12,2.37,0.71,1.53,0.22,0.0,-0.0,0.0,0.04,1.26,0.2
07/30/2025-16:07:12.747888,0.09,1.5,0.0,0.0,0.0,0.0,0.0,11.91,16.02,0.0,1.12,1.09,0.0,14.22,6.27,3.86,2.79,0.23,0.0,0.0,0.6,0.0,2.65,0.23,0.0,14.12,2.37,0.71,1.53,0.22,0.0,-0.0,0.0,0.04,1.26,0.2
07/30/2025-16:07:13.265495,0.09,1.5,0.0,0.0,0.0,0.0,0.0,11.91,16.02,0.0,1.12,1.09,0.0,14.22,6.27,3.86,2.79,0.23,0.0,0.0,0.6,0.0,2.65,0.23,0.0,14.12,2.37,0.71,1.53,0.22,0.0,-0.0,0.0,0.04,1.26,0.2
07/30/2025-16:07:13.791251,0.09,1.5,0.0,0.0,0.0,0.0,0.0,11.91,16.02,0.0,1.12,1.09,0.0,14.22,6.27,3.86,2.79,0.23,0.0,0.0,0.6,0.0,2.65,0.23,0.0,14.12,2.37,0.71,1.53,0.22,0.0,-0.0,0.0,0.04,1.26,0.2
07/30/2025-16:07:14.250337,0.23,1.56,0.0,0.0,0.0,0.0,0.0,12.12,16.2,0.0,1.14,1.08,0.0,14.2,6.38,3.93,2.84,0.27,0.0,0.0,0.63,0.0,2.67,0.23,0.0,14.12,2.35,0.89,1.63,0.21,0.0,0.0,0.0,0.04,1.2,0.21
07/30/2025-16:07:14.711642,0.23,1.56,0.0,0.0,0.0,0.0,0.0,12.12,16.2,0.0,1.14,1.08,0.0,14.2,6.38,3.93,2.84,0.27,0.0,0.0,0.63,0.0,2.67,0.23,0.0,14.12,2.35,0.89,1.63,0.21,0.0,0.0,0.0,0.04,1.2,0.21
07/30/2025-16:07:15.260450,0.23,1.56,0.0,0.0,0.0,0.0,0.0,12.12,16.2,0.0,1.14,1.08,0.0,14.2,6.38,3.93,2.84,0.27,0.0,0.0,0.63,0.0,2.67,0.23,0.0,14.12,2.35,0.89,1.63,0.21,0.0,0.0,0.0,0.04,1.2,0.21
07/30/2025-16:07:15.740939,0.23,1.59,0.0,0.0,0.0,0.0,0.0,12.17,15.97,0.0,1.23,1.08,0.0,14.24,6.33,3.99,2.83,0.26,0.0,0.0,0.69,0.0,2.68,0.23,0.0,15.03,2.09,0.84,1.65,0.22,0.0,0.0,0.0,0.16,1.08,0.21
07/30/2025-16:07:16.308908,0.23,1.59,0.0,0.0,0.0,0.0,0.0,12.17,15.97,0.0,1.23,1.08,0.0,14.24,6.33,3.99,2.83,0.26,0.0,0.0,0.69,0.0,2.68,0.23,0.0,15.03,2.09,0.84,1.65,0.22,0.0,0.0,0.0,0.16,1.08,0.21
07/30/2025-16:07:16.757190,0.23,1.59,0.0,0.0,0.0,0.0,0.0,12.17,15.97,0.0,1.23,1.08,0.0,14.24,6.33,3.99,2.83,0.26,0.0,0.0,0.69,0.0,2.68,0.23,0.0,15.03,2.09,0.84,1.65,0.22,0.0,0.0,0.0,0.16,1.08,0.21
07/30/2025-16:07:17.248436,0.23,1.59,0.0,0.0,0.0,0.0,0.0,12.17,15.97,0.0,1.23,1.08,0.0,14.24,6.33,3.99,2.83,0.26,0.0,0.0,0.69,0.0,2.68,0.23,0.0,15.03,2.09,0.84,1.65,0.22,0.0,0.0,0.0,0.16,1.08,0.21
07/30/2025-16:07:17.704429,0.23,1.45,0.0,0.0,0.0,0.0,0.0,12.55,15.48,0.0,1.13,1.01,0.0,14.2,6.62,3.51,2.89,0.26,0.0,0.0,0.63,0.0,2.66,0.13,0.0,15.1,2.2,0.87,1.6,0.21,0.0,0.0,0.0,0.93,1.21,0.21
07/30/2025-16:07:18.158562,0.23,1.45,0.0,0.0,0.0,0.0,0.0,12.55,15.48,0.0,1.13,1.01,0.0,14.2,6.62,3.51,2.89,0.26,0.0,0.0,0.63,0.0,2.66,0.13,0.0,15.1,2.2,0.87,1.6,0.21,0.0,0.0,0.0,0.93,1.21,0.21
07/30/2025-16:07:18.619914,0.23,1.45,0.0,0.0,0.0,0.0,0.0,12.55,15.48,0.0,1.13,1.01,0.0,14.2,6.62,3.51,2.89,0.26,0.0,0.0,0.63,0.0,2.66,0.13,0.0,15.1,2.2,0.87,1.6,0.21,0.0,0.0,0.0,0.93,1.21,0.21
07/30/2025-16:07:19.145075,0.23,1.45,0.0,0.0,0.0,0.0,0.0,12.55,15.48,0.0,1.13,1.01,0.0,14.2,6.62,3.51,2.89,0.26,0.0,0.0,0.63,0.0,2.66,0.13,0.0,15.1,2.2,0.87,1.6,0.21,0.0,0.0,0.0,0.93,1.21,0.21
07/30/2025-16:07:19.612323,0.09,1.73,0.0,0.0,0.0,0.0,0.0,12.45,16.45,0.0,1.14,0.89,0.0,13.17,6.82,3.49,2.52,0.26,0.0,0.0,0.67,0.0,2.4,0.23,0.0,13.72,2.43,1.05,1.63,0.24,0.0,0.0,0.0,0.47,1.31,0.22
07/30/2025-16:07:20.096816,0.09,1.73,0.0,0.0,0.0,0.0,0.0,12.45,16.45,0.0,1.14,0.89,0.0,13.17,6.82,3.49,2.52,0.26,0.0,0.0,0.67,0.0,2.4,0.23,0.0,13.72,2.43,1.05,1.63,0.24,0.0,0.0,0.0,0.47,1.31,0.22
07/30/2025-16:07:20.558966,0.09,1.73,0.0,0.0,0.0,0.0,0.0,12.45,16.45,0.0,1.14,0.89,0.0,13.17,6.82,3.49,2.52,0.26,0.0,0.0,0.67,0.0,2.4,0.23,0.0,13.72,2.43,1.05,1.63,0.24,0.0,0.0,0.0,0.47,1.31,0.22
07/30/2025-16:07:21.059815,0.14,1.25,0.0,0.0,0.0,0.0,0.0,12.4,16.57,0.0,1.1,0.91,0.0,13.19,7.1,3.78,2.62,0.22,0.0,0.14,0.67,0.0,2.53,0.24,0.0,13.85,2.32,1.17,1.67,0.24,0.0,0.09,0.0,0.54,1.28,0.22
07/30/2025-16:07:21.473452,0.14,1.25,0.0,0.0,0.0,0.0,0.0,12.4,16.57,0.0,1.1,0.91,0.0,13.19,7.1,3.78,2.62,0.22,0.0,0.14,0.67,0.0,2.53,0.24,0.0,13.85,2.32,1.17,1.67,0.24,0.0,0.09,0.0,0.54,1.28,0.22
07/30/2025-16:07:21.970763,0.14,1.25,0.0,0.0,0.0,0.0,0.0,12.4,16.57,0.0,1.1,0.91,0.0,13.19,7.1,3.78,2.62,0.22,0.0,0.14,0.67,0.0,2.53,0.24,0.0,13.85,2.32,1.17,1.67,0.24,0.0,0.09,0.0,0.54,1.28,0.22
07/30/2025-16:07:22.420100,0.14,1.25,0.0,0.0,0.0,0.0,0.0,12.4,16.57,0.0,1.1,0.91,0.0,13.19,7.1,3.78,2.62,0.22,0.0,0.14,0.67,0.0,2.53,0.24,0.0,13.85,2.32,1.17,1.67,0.24,0.0,0.09,0.0,0.54,1.28,0.22
07/30/2025-16:07:22.884783,0.32,1.2,0.0,0.0,0.0,0.0,0.0,12.44,16.83,0.0,1.13,1.01,0.0,13.74,7.15,3.85,2.68,0.26,0.0,0.14,0.68,0.0,2.51,0.23,0.0,14.34,2.57,1.22,1.75,0.27,0.0,0.0,0.0,0.81,1.26,0.23
07/30/2025-16:07:23.328258,0.32,1.2,0.0,0.0,0.0,0.0,0.0,12.44,16.83,0.0,1.13,1.01,0.0,13.74,7.15,3.85,2.68,0.26,0.0,0.14,0.68,0.0,2.51,0.23,0.0,14.34,2.57,1.22,1.75,0.27,0.0,0.0,0.0,0.81,1.26,0.23
07/30/2025-16:07:23.903636,0.32,1.2,0.0,0.0,0.0,0.0,0.0,12.44,16.83,0.0,1.13,1.01,0.0,13.74,7.15,3.85,2.68,0.26,0.0,0.14,0.68,0.0,2.51,0.23,0.0,14.34,2.57,1.22,1.75,0.27,0.0,0.0,0.0,0.81,1.26,0.23
07/30/2025-16:07:24.382375,0.32,1.2,0.0,0.0,0.0,0.0,0.0,12.44,16.83,0.0,1.13,1.01,0.0,13.74,7.15,3.85,2.68,0.26,0.0,0.14,0.68,0.0,2.51,0.23,0.0,14.34,2.57,1.22,1.75,0.27,0.0,0.0,0.0,0.81,1.26,0.23
07/30/2025-16:07:24.889264,0.05,1.23,0.0,-0.0,0.0,0.0,0.0,12.46,16.8,0.0,1.12,1.11,0.0,13.84,7.15,3.87,2.7,0.27,0.0,0.72,0.71,0.0,2.56,0.23,0.0,14.2,2.22,1.16,1.67,0.27,0.0,0.0,0.0,0.85,1.2,0.22
07/30/2025-16:07:25.335448,0.05,1.23,0.0,-0.0,0.0,0.0,0.0,12.46,16.8,0.0,1.12,1.11,0.0,13.84,7.15,3.87,2.7,0.27,0.0,0.72,0.71,0.0,2.56,0.23,0.0,14.2,2.22,1.16,1.67,0.27,0.0,0.0,0.0,0.85,1.2,0.22
07/30/2025-16:07:25.844381,0.05,1.23,0.0,-0.0,0.0,0.0,0.0,12.46,16.8,0.0,1.12,1.11,0.0,13.84,7.15,3.87,2.7,0.27,0.0,0.72,0.71,0.0,2.56,0.23,0.0,14.2,2.22,1.16,1.67,0.27,0.0,0.0,0.0,0.85,1.2,0.22
07/30/2025-16:07:26.357421,0.23,1.14,0.0,-0.0,0.0,0.0,0.0,12.86,17.44,0.0,1.17,1.06,0.0,14.05,6.9,3.91,2.82,0.27,0.0,1.16,0.83,0.0,2.64,0.28,0.0,14.4,1.84,1.12,1.65,0.22,0.0,0.08,0.0,0.93,1.11,0.25
07/30/2025-16:07:26.778159,0.23,1.14,0.0,-0.0,0.0,0.0,0.0,12.86,17.44,0.0,1.17,1.06,0.0,14.05,6.9,3.91,2.82,0.27,0.0,1.16,0.83,0.0,2.64,0.28,0.0,14.4,1.84,1.12,1.65,0.22,0.0,0.08,0.0,0.93,1.11,0.25
07/30/2025-16:07:27.279123,0.23,1.14,0.0,-0.0,0.0,0.0,0.0,12.86,17.44,0.0,1.17,1.06,0.0,14.05,6.9,3.91,2.82,0.27,0.0,1.16,0.83,0.0,2.64,0.28,0.0,14.4,1.84,1.12,1.65,0.22,0.0,0.08,0.0,0.93,1.11,0.25
07/30/2025-16:07:28.262262,0.09,0.97,0.0,0.0,0.0,0.0,0.0,12.97,17.81,0.0,1.22,1.05,0.0,14.24,6.88,3.97,2.86,0.28,0.0,0.87,0.68,0.0,2.67,0.24,0.0,14.31,1.56,1.2,1.67,0.27,0.0,0.08,0.0,0.78,1.14,0.25
07/30/2025-16:07:28.702538,0.09,0.97,0.0,0.0,0.0,0.0,0.0,12.97,17.81,0.0,1.22,1.05,0.0,14.24,6.88,3.97,2.86,0.28,0.0,0.87,0.68,0.0,2.67,0.24,0.0,14.31,1.56,1.2,1.67,0.27,0.0,0.08,0.0,0.78,1.14,0.25
07/30/2025-16:07:29.200215,0.09,0.97,0.0,0.0,0.0,0.0,0.0,12.97,17.81,0.0,1.22,1.05,0.0,14.24,6.88,3.97,2.86,0.28,0.0,0.87,0.68,0.0,2.67,0.24,0.0,14.31,1.56,1.2,1.67,0.27,0.0,0.08,0.0,0.78,1.14,0.25
07/30/2025-16:07:29.719454,0.09,0.97,0.0,0.0,0.0,0.0,0.0,12.97,17.81,0.0,1.22,1.05,0.0,14.24,6.88,3.97,2.86,0.28,0.0,0.87,0.68,0.0,2.67,0.24,0.0,14.31,1.56,1.2,1.67,0.27,0.0,0.08,0.0,0.78,1.14,0.25
07/30/2025-16:07:30.210831,0.09,0.97,0.0,0.0,0.0,0.0,0.0,12.78,17.83,0.0,1.2,1.02,0.0,14.28,7.01,4.01,2.87,0.26,0.0,1.11,0.74,0.0,2.69,0.28,0.0,14.99,2.09,1.38,1.77,0.25,0.0,0.02,0.0,0.66,1.12,0.25
07/30/2025-16:07:30.659992,0.09,0.97,0.0,0.0,0.0,0.0,0.0,12.78,17.83,0.0,1.2,1.02,0.0,14.28,7.01,4.01,2.87,0.26,0.0,1.11,0.74,0.0,2.69,0.28,0.0,14.99,2.09,1.38,1.77,0.25,0.0,0.02,0.0,0.66,1.12,0.25
07/30/2025-16:07:31.173540,0.09,0.97,0.0,0.0,0.0,0.0,0.0,12.78,17.83,0.0,1.2,1.02,0.0,14.28,7.01,4.01,2.87,0.26,0.0,1.11,0.74,0.0,2.69,0.28,0.0,14.99,2.09,1.38,1.77,0.25,0.0,0.02,0.0,0.66,1.12,0.25
07/30/2025-16:07:31.671545,0.14,1.09,0.0,0.0,0.0,0.0,0.0,12.93,17.41,0.0,1.28,1.64,0.0,14.41,7.12,4.06,2.91,0.28,0.0,1.35,0.71,0.0,2.71,0.24,0.0,15.17,1.92,1.47,1.68,0.27,0.0,0.08,0.0,0.35,1.25,0.27
07/30/2025-16:07:32.118249,0.14,1.09,0.0,0.0,0.0,0.0,0.0,12.93,17.41,0.0,1.28,1.64,0.0,14.41,7.12,4.06,2.91,0.28,0.0,1.35,0.71,0.0,2.71,0.24,0.0,15.17,1.92,1.47,1.68,0.27,0.0,0.08,0.0,0.35,1.25,0.27
07/30/2025-16:07:32.602637,0.14,1.09,0.0,0.0,0.0,0.0,0.0,12.93,17.41,0.0,1.28,1.64,0.0,14.41,7.12,4.06,2.91,0.28,0.0,1.35,0.71,0.0,2.71,0.24,0.0,15.17,1.92,1.47,1.68,0.27,0.0,0.08,0.0,0.35,1.25,0.27
07/30/2025-16:07:33.086008,0.14,1.09,0.0,0.0,0.0,0.0,0.0,12.93,17.41,0.0,1.28,1.64,0.0,14.41,7.12,4.06,2.91,0.28,0.0,1.35,0.71,0.0,2.71,0.24,0.0,15.17,1.92,1.47,1.68,0.27,0.0,0.08,0.0,0.35,1.25,0.27
07/30/2025-16:07:33.566400,0.14,0.92,0.0,-0.0,0.0,0.0,0.0,13.13,17.55,0.0,1.31,1.88,0.0,14.66,7.13,4.1,2.93,0.27,0.0,1.45,0.68,0.0,2.72,0.3,0.0,15.32,1.85,1.43,1.8,0.28,0.0,0.09,0.0,0.47,1.25,0.25
07/30/2025-16:07:34.014974,0.14,0.92,0.0,-0.0,0.0,0.0,0.0,13.13,17.55,0.0,1.31,1.88,0.0,14.66,7.13,4.1,2.93,0.27,0.0,1.45,0.68,0.0,2.72,0.3,0.0,15.32,1.85,1.43,1.8,0.28,0.0,0.09,0.0,0.47,1.25,0.25
07/30/2025-16:07:34.509717,0.14,0.92,0.0,-0.0,0.0,0.0,0.0,13.13,17.55,0.0,1.31,1.88,0.0,14.66,7.13,4.1,2.93,0.27,0.0,1.45,0.68,0.0,2.72,0.3,0.0,15.32,1.85,1.43,1.8,0.28,0.0,0.09,0.0,0.47,1.25,0.25
07/30/2025-16:07:34.954405,0.14,0.92,0.0,-0.0,0.0,0.0,0.0,13.13,17.55,0.0,1.31,1.88,0.0,14.66,7.13,4.1,2.93,0.27,0.0,1.45,0.68,0.0,2.72,0.3,0.0,15.32,1.85,1.43,1.8,0.28,0.0,0.09,0.0,0.47,1.25,0.25
07/30/2025-16:07:35.415389,0.09,0.86,0.0,0.0,0.0,0.0,0.0,13.22,17.51,0.0,1.34,1.97,0.0,15.0,7.17,4.14,2.96,0.25,0.0,0.58,0.74,0.0,2.73,0.3,0.0,15.25,1.94,1.49,1.8,0.27,0.0,0.05,0.0,0.35,1.23,0.25
07/30/2025-16:07:35.900064,0.09,0.86,0.0,0.0,0.0,0.0,0.0,13.22,17.51,0.0,1.34,1.97,0.0,15.0,7.17,4.14,2.96,0.25,0.0,0.58,0.74,0.0,2.73,0.3,0.0,15.25,1.94,1.49,1.8,0.27,0.0,0.05,0.0,0.35,1.23,0.25
07/30/2025-16:07:36.367879,0.09,0.86,0.0,0.0,0.0,0.0,0.0,13.22,17.51,0.0,1.34,1.97,0.0,15.0,7.17,4.14,2.96,0.25,0.0,0.58,0.74,0.0,2.73,0.3,0.0,15.25,1.94,1.49,1.8,0.27,0.0,0.05,0.0,0.35,1.23,0.25
07/30/2025-16:07:36.856439,0.09,0.86,0.0,0.0,0.0,0.0,0.0,13.22,17.51,0.0,1.34,1.97,0.0,15.0,7.17,4.14,2.96,0.25,0.0,0.58,0.74,0.0,2.73,0.3,0.0,15.25,1.94,1.49,1.8,0.27,0.0,0.05,0.0,0.35,1.23,0.25
07/30/2025-16:07:37.312014,0.14,0.89,0.0,0.0,0.0,0.0,0.0,13.09,17.57,0.0,1.35,1.98,0.0,15.1,7.16,4.14,2.98,0.26,0.0,0.48,0.71,0.0,2.75,0.3,0.0,15.56,2.05,1.51,1.8,0.3,0.0,0.14,0.0,0.35,1.25,0.28
07/30/2025-16:07:37.818824,0.14,0.89,0.0,0.0,0.0,0.0,0.0,13.09,17.57,0.0,1.35,1.98,0.0,15.1,7.16,4.14,2.98,0.26,0.0,0.48,0.71,0.0,2.75,0.3,0.0,15.56,2.05,1.51,1.8,0.3,0.0,0.14,0.0,0.35,1.25,0.28
07/30/2025-16:07:38.255065,0.14,0.89,0.0,0.0,0.0,0.0,0.0,13.09,17.57,0.0,1.35,1.98,0.0,15.1,7.16,4.14,2.98,0.26,0.0,0.48,0.71,0.0,2.75,0.3,0.0,15.56,2.05,1.51,1.8,0.3,0.0,0.14,0.0,0.35,1.25,0.28
07/30/2025-16:07:38.755079,0.14,0.92,0.0,0.0,0.0,0.0,0.0,13.18,17.66,0.0,1.31,1.91,0.0,15.21,7.12,4.17,3.0,0.24,0.0,1.21,0.77,0.0,2.81,0.3,0.0,15.6,2.14,1.45,1.84,0.3,0.0,0.09,0.0,0.35,1.22,0.29
07/30/2025-16:07:39.183442,0.14,0.92,0.0,0.0,0.0,0.0,0.0,13.18,17.66,0.0,1.31,1.91,0.0,15.21,7.12,4.17,3.0,0.24,0.0,1.21,0.77,0.0,2.81,0.3,0.0,15.6,2.14,1.45,1.84,0.3,0.0,0.09,0.0,0.35,1.22,0.29
07/30/2025-16:07:39.631455,0.14,0.92,0.0,0.0,0.0,0.0,0.0,13.18,17.66,0.0,1.31,1.91,0.0,15.21,7.12,4.17,3.0,0.24,0.0,1.21,0.77,0.0,2.81,0.3,0.0,15.6,2.14,1.45,1.84,0.3,0.0,0.09,0.0,0.35,1.22,0.29
07/30/2025-16:07:40.133337,0.14,0.92,0.0,0.0,0.0,0.0,0.0,13.18,17.66,0.0,1.31,1.91,0.0,15.21,7.12,4.17,3.0,0.24,0.0,1.21,0.77,0.0,2.81,0.3,0.0,15.6,2.14,1.45,1.84,0.3,0.0,0.09,0.0,0.35,1.22,0.29
07/30/2025-16:07:40.602146,0.23,0.89,0.0,0.0,0.0,0.0,0.0,13.21,17.91,0.0,1.41,2.03,0.0,15.5,7.12,4.18,3.01,0.24,0.0,1.49,0.8,0.0,2.75,0.32,0.0,15.58,2.02,1.53,1.84,0.3,0.0,-0.0,0.0,0.39,1.3,0.29
07/30/2025-16:07:41.099454,0.23,0.89,0.0,0.0,0.0,0.0,0.0,13.21,17.91,0.0,1.41,2.03,0.0,15.5,7.12,4.18,3.01,0.24,0.0,1.49,0.8,0.0,2.75,0.32,0.0,15.58,2.02,1.53,1.84,0.3,0.0,-0.0,0.0,0.39,1.3,0.29
07/30/2025-16:07:41.612281,0.23,0.89,0.0,0.0,0.0,0.0,0.0,13.21,17.91,0.0,1.41,2.03,0.0,15.5,7.12,4.18,3.01,0.24,0.0,1.49,0.8,0.0,2.75,0.32,0.0,15.58,2.02,1.53,1.84,0.3,0.0,-0.0,0.0,0.39,1.3,0.29
07/30/2025-16:07:42.117662,0.23,0.89,0.0,0.0,0.0,0.0,0.0,13.21,17.91,0.0,1.41,2.03,0.0,15.5,7.12,4.18,3.01,0.24,0.0,1.49,0.8,0.0,2.75,0.32,0.0,15.58,2.02,1.53,1.84,0.3,0.0,-0.0,0.0,0.39,1.3,0.29
07/30/2025-16:07:42.558560,0.18,1.23,0.0,0.0,0.0,0.0,0.0,13.13,17.78,0.0,1.38,1.97,0.0,15.65,7.3,3.7,2.68,0.25,0.0,1.4,0.75,0.0,2.65,0.26,0.0,15.55,2.2,1.4,1.84,0.31,0.0,0.15,0.0,0.78,1.3,0.25
07/30/2025-16:07:43.018659,0.18,1.23,0.0,0.0,0.0,0.0,0.0,13.13,17.78,0.0,1.38,1.97,0.0,15.65,7.3,3.7,2.68,0.25,0.0,1.4,0.75,0.0,2.65,0.26,0.0,15.55,2.2,1.4,1.84,0.31,0.0,0.15,0.0,0.78,1.3,0.25
07/30/2025-16:07:43.506927,0.18,1.23,0.0,0.0,0.0,0.0,0.0,13.13,17.78,0.0,1.38,1.97,0.0,15.65,7.3,3.7,2.68,0.25,0.0,1.4,0.75,0.0,2.65,0.26,0.0,15.55,2.2,1.4,1.84,0.31,0.0,0.15,0.0,0.78,1.3,0.25
07/30/2025-16:07:44.021190,0.18,1.23,0.0,0.0,0.0,0.0,0.0,13.13,17.78,0.0,1.38,1.97,0.0,15.65,7.3,3.7,2.68,0.25,0.0,1.4,0.75,0.0,2.65,0.26,0.0,15.55,2.2,1.4,1.84,0.31,0.0,0.15,0.0,0.78,1.3,0.25
07/30/2025-16:07:44.453452,0.14,1.73,0.0,0.0,0.0,0.0,0.0,12.98,17.97,0.0,1.45,1.79,0.0,15.27,7.15,4.1,3.03,0.21,0.0,1.11,0.82,0.0,2.75,0.36,0.0,15.69,2.23,1.52,1.82,0.31,0.0,0.09,0.0,0.12,1.36,0.29
07/30/2025-16:07:44.887092,0.14,1.73,0.0,0.0,0.0,0.0,0.0,12.98,17.97,0.0,1.45,1.79,0.0,15.27,7.15,4.1,3.03,0.21,0.0,1.11,0.82,0.0,2.75,0.36,0.0,15.69,2.23,1.52,1.82,0.31,0.0,0.09,0.0,0.12,1.36,0.29
07/30/2025-16:07:45.377143,0.14,1.73,0.0,0.0,0.0,0.0,0.0,12.98,17.97,0.0,1.45,1.79,0.0,15.27,7.15,4.1,3.03,0.21,0.0,1.11,0.82,0.0,2.75,0.36,0.0,15.69,2.23,1.52,1.82,0.31,0.0,0.09,0.0,0.12,1.36,0.29
07/30/2025-16:07:45.815441,0.18,1.48,0.0,0.0,0.0,0.0,0.0,12.66,18.36,0.0,1.44,1.76,0.0,15.71,7.17,4.15,3.06,0.22,0.0,1.25,0.81,0.0,2.75,0.34,0.0,15.7,2.25,1.57,1.86,0.32,0.0,0.18,0.0,0.0,1.42,0.3
07/30/2025-16:07:46.292489,0.18,1.48,0.0,0.0,0.0,0.0,0.0,12.66,18.36,0.0,1.44,1.76,0.0,15.71,7.17,4.15,3.06,0.22,0.0,1.25,0.81,0.0,2.75,0.34,0.0,15.7,2.25,1.57,1.86,0.32,0.0,0.18,0.0,0.0,1.42,0.3
07/30/2025-16:07:46.730306,0.18,1.48,0.0,0.0,0.0,0.0,0.0,12.66,18.36,0.0,1.44,1.76,0.0,15.71,7.17,4.15,3.06,0.22,0.0,1.25,0.81,0.0,2.75,0.34,0.0,15.7,2.25,1.57,1.86,0.32,0.0,0.18,0.0,0.0,1.42,0.3
07/30/2025-16:07:47.215403,0.18,1.48,0.0,0.0,0.0,0.0,0.0,12.66,18.36,0.0,1.44,1.76,0.0,15.71,7.17,4.15,3.06,0.22,0.0,1.25,0.81,0.0,2.75,0.34,0.0,15.7,2.25,1.57,1.86,0.32,0.0,0.18,0.0,0.0,1.42,0.3
07/30/2025-16:07:47.678661,0.09,1.45,0.0,0.0,0.0,0.0,0.0,12.56,18.64,0.0,1.45,1.9,0.0,15.73,7.2,4.18,3.09,0.22,0.0,1.21,0.88,0.0,2.77,0.36,0.0,15.85,2.3,1.49,1.89,0.32,0.0,0.11,0.0,0.0,1.43,0.31
07/30/2025-16:07:48.115553,0.09,1.45,0.0,0.0,0.0,0.0,0.0,12.56,18.64,0.0,1.45,1.9,0.0,15.73,7.2,4.18,3.09,0.22,0.0,1.21,0.88,0.0,2.77,0.36,0.0,15.85,2.3,1.49,1.89,0.32,0.0,0.11,0.0,0.0,1.43,0.31
07/30/2025-16:07:48.576647,0.09,1.45,0.0,0.0,0.0,0.0,0.0,12.56,18.64,0.0,1.45,1.9,0.0,15.73,7.2,4.18,3.09,0.22,0.0,1.21,0.88,0.0,2.77,0.36,0.0,15.85,2.3,1.49,1.89,0.32,0.0,0.11,0.0,0.0,1.43,0.31
07/30/2025-16:07:49.020412,0.09,1.45,0.0,0.0,0.0,0.0,0.0,12.56,18.64,0.0,1.45,1.9,0.0,15.73,7.2,4.18,3.09,0.22,0.0,1.21,0.88,0.0,2.77,0.36,0.0,15.85,2.3,1.49,1.89,0.32,0.0,0.11,0.0,0.0,1.43,0.31
07/30/2025-16:07:49.461118,0.0,1.31,0.0,0.0,0.0,0.0,0.0,12.41,18.74,0.0,1.55,1.79,0.0,16.3,7.28,4.23,3.12,0.22,0.0,1.88,0.85,0.0,2.8,0.38,0.0,15.74,2.35,1.46,1.87,0.32,0.0,0.14,0.0,0.08,1.44,0.32
07/30/2025-16:07:49.990622,0.0,1.31,0.0,0.0,0.0,0.0,0.0,12.41,18.74,0.0,1.55,1.79,0.0,16.3,7.28,4.23,3.12,0.22,0.0,1.88,0.85,0.0,2.8,0.38,0.0,15.74,2.35,1.46,1.87,0.32,0.0,0.14,0.0,0.08,1.44,0.32
07/30/2025-16:07:50.422002,0.0,1.31,0.0,0.0,0.0,0.0,0.0,12.41,18.74,0.0,1.55,1.79,0.0,16.3,7.28,4.23,3.12,0.22,0.0,1.88,0.85,0.0,2.8,0.38,0.0,15.74,2.35,1.46,1.87,0.32,0.0,0.14,0.0,0.08,1.44,0.32
07/30/2025-16:07:50.911079,0.0,1.31,0.0,0.0,0.0,0.0,0.0,12.41,18.74,0.0,1.55,1.79,0.0,16.3,7.28,4.23,3.12,0.22,0.0,1.88,0.85,0.0,2.8,0.38,0.0,15.74,2.35,1.46,1.87,0.32,0.0,0.14,0.0,0.08,1.44,0.32
07/30/2025-16:07:51.375076,0.09,1.34,0.0,0.0,0.0,0.0,0.0,12.36,18.97,0.0,1.62,1.95,0.0,16.47,7.29,4.26,3.16,0.22,0.0,1.88,0.83,0.0,2.85,0.34,0.0,15.74,2.47,1.47,1.89,0.32,0.0,0.12,0.0,0.0,1.47,0.33
07/30/2025-16:07:51.819367,0.09,1.34,0.0,0.0,0.0,0.0,0.0,12.36,18.97,0.0,1.62,1.95,0.0,16.47,7.29,4.26,3.16,0.22,0.0,1.88,0.83,0.0,2.85,0.34,0.0,15.74,2.47,1.47,1.89,0.32,0.0,0.12,0.0,0.0,1.47,0.33
07/30/2025-16:07:52.315245,0.09,1.34,0.0,0.0,0.0,0.0,0.0,12.36,18.97,0.0,1.62,1.95,0.0,16.47,7.29,4.26,3.16,0.22,0.0,1.88,0.83,0.0,2.85,0.34,0.0,15.74,2.47,1.47,1.89,0.32,0.0,0.12,0.0,0.0,1.47,0.33
07/30/2025-16:07:52.795982,0.09,1.34,0.0,0.0,0.0,0.0,0.0,12.36,18.97,0.0,1.62,1.95,0.0,16.47,7.29,4.26,3.16,0.22,0.0,1.88,0.83,0.0,2.85,0.34,0.0,15.74,2.47,1.47,1.89,0.32,0.0,0.12,0.0,0.0,1.47,0.33
07/30/2025-16:07:53.420484,0.0,1.17,0.0,0.0,0.0,0.0,0.0,12.43,19.08,0.0,1.76,2.02,0.0,16.26,7.34,4.29,3.16,0.21,0.0,1.83,0.93,0.0,2.88,0.38,0.0,15.88,2.55,1.52,1.92,0.34,0.0,0.18,0.0,0.0,1.47,0.29
07/30/2025-16:07:53.870852,0.0,1.17,0.0,0.0,0.0,0.0,0.0,12.43,19.08,0.0,1.76,2.02,0.0,16.26,7.34,4.29,3.16,0.21,0.0,1.83,0.93,0.0,2.88,0.38,0.0,15.88,2.55,1.52,1.92,0.34,0.0,0.18,0.0,0.0,1.47,0.29
07/30/2025-16:07:54.392401,0.0,1.17,0.0,0.0,0.0,0.0,0.0,12.43,19.08,0.0,1.76,2.02,0.0,16.26,7.34,4.29,3.16,0.21,0.0,1.83,0.93,0.0,2.88,0.38,0.0,15.88,2.55,1.52,1.92,0.34,0.0,0.18,0.0,0.0,1.47,0.29
07/30/2025-16:07:54.849857,0.14,1.2,0.0,0.0,0.0,0.0,0.0,12.39,19.06,0.0,1.78,1.98,0.0,16.58,7.34,4.3,3.18,0.23,0.0,1.88,0.81,0.0,2.87,0.3,0.0,16.06,2.47,1.46,1.91,0.32,0.0,0.22,0.0,0.0,1.51,0.31
07/30/2025-16:07:55.312162,0.14,1.2,0.0,0.0,0.0,0.0,0.0,12.39,19.06,0.0,1.78,1.98,0.0,16.58,7.34,4.3,3.18,0.23,0.0,1.88,0.81,0.0,2.87,0.3,0.0,16.06,2.47,1.46,1.91,0.32,0.0,0.22,0.0,0.0,1.51,0.31
07/30/2025-16:07:55.753342,0.14,1.2,0.0,0.0,0.0,0.0,0.0,12.39,19.06,0.0,1.78,1.98,0.0,16.58,7.34,4.3,3.18,0.23,0.0,1.88,0.81,0.0,2.87,0.3,0.0,16.06,2.47,1.46,1.91,0.32,0.0,0.22,0.0,0.0,1.51,0.31
07/30/2025-16:07:56.206771,0.14,1.2,0.0,0.0,0.0,0.0,0.0,12.39,19.06,0.0,1.78,1.98,0.0,16.58,7.34,4.3,3.18,0.23,0.0,1.88,0.81,0.0,2.87,0.3,0.0,16.06,2.47,1.46,1.91,0.32,0.0,0.22,0.0,0.0,1.51,0.31
07/30/2025-16:07:56.634203,0.09,1.53,0.0,0.0,0.0,0.0,0.0,12.36,17.22,0.0,1.86,0.96,0.0,15.31,7.23,4.15,3.18,0.17,0.0,1.59,0.86,0.0,2.76,0.39,0.0,16.0,2.52,1.56,1.91,0.35,0.0,0.09,0.0,0.0,1.4,0.34
07/30/2025-16:07:57.048835,0.09,1.53,0.0,0.0,0.0,0.0,0.0,12.36,17.22,0.0,1.86,0.96,0.0,15.31,7.23,4.15,3.18,0.17,0.0,1.59,0.86,0.0,2.76,0.39,0.0,16.0,2.52,1.56,1.91,0.35,0.0,0.09,0.0,0.0,1.4,0.34
07/30/2025-16:07:57.485283,0.09,1.53,0.0,0.0,0.0,0.0,0.0,12.36,17.22,0.0,1.86,0.96,0.0,15.31,7.23,4.15,3.18,0.17,0.0,1.59,0.86,0.0,2.76,0.39,0.0,16.0,2.52,1.56,1.91,0.35,0.0,0.09,0.0,0.0,1.4,0.34
07/30/2025-16:07:57.916999,0.09,1.53,0.0,0.0,0.0,0.0,0.0,12.36,17.22,0.0,1.86,0.96,0.0,15.31,7.23,4.15,3.18,0.17,0.0,1.59,0.86,0.0,2.76,0.39,0.0,16.0,2.52,1.56,1.91,0.35,0.0,0.09,0.0,0.0,1.4,0.34
07/30/2025-16:07:58.399854,0.14,1.64,0.0,0.0,0.0,0.0,0.0,12.52,17.74,0.0,1.92,0.98,0.0,15.94,7.3,4.27,3.25,0.16,0.0,1.98,1.01,0.0,2.8,0.38,0.0,16.03,2.65,1.44,1.96,0.32,0.0,0.28,0.0,0.0,1.47,0.29
07/30/2025-16:07:58.897530,0.14,1.64,0.0,0.0,0.0,0.0,0.0,12.52,17.74,0.0,1.92,0.98,0.0,15.94,7.3,4.27,3.25,0.16,0.0,1.98,1.01,0.0,2.8,0.38,0.0,16.03,2.65,1.44,1.96,0.32,0.0,0.28,0.0,0.0,1.47,0.29
07/30/2025-16:07:59.392887,0.14,1.64,0.0,0.0,0.0,0.0,0.0,12.52,17.74,0.0,1.92,0.98,0.0,15.94,7.3,4.27,3.25,0.16,0.0,1.98,1.01,0.0,2.8,0.38,0.0,16.03,2.65,1.44,1.96,0.32,0.0,0.28,0.0,0.0,1.47,0.29
07/30/2025-16:07:59.828414,0.14,1.64,0.0,0.0,0.0,0.0,0.0,12.52,17.74,0.0,1.92,0.98,0.0,15.94,7.3,4.27,3.25,0.16,0.0,1.98,1.01,0.0,2.8,0.38,0.0,16.03,2.65,1.44,1.96,0.32,0.0,0.28,0.0,0.0,1.47,0.29
07/30/2025-16:08:00.341441,0.09,1.67,0.0,0.0,0.0,0.0,0.0,13.15,17.94,0.0,1.94,0.96,0.0,16.09,7.38,4.33,3.24,0.22,0.0,2.12,0.98,0.0,2.78,0.39,0.0,16.23,2.68,1.53,1.94,0.37,0.0,0.32,0.0,0.0,1.44,0.33
07/30/2025-16:08:00.765571,0.09,1.67,0.0,0.0,0.0,0.0,0.0,13.15,17.94,0.0,1.94,0.96,0.0,16.09,7.38,4.33,3.24,0.22,0.0,2.12,0.98,0.0,2.78,0.39,0.0,16.23,2.68,1.53,1.94,0.37,0.0,0.32,0.0,0.0,1.44,0.33
07/30/2025-16:08:01.240449,0.09,1.67,0.0,0.0,0.0,0.0,0.0,13.15,17.94,0.0,1.94,0.96,0.0,16.09,7.38,4.33,3.24,0.22,0.0,2.12,0.98,0.0,2.78,0.39,0.0,16.23,2.68,1.53,1.94,0.37,0.0,0.32,0.0,0.0,1.44,0.33
07/30/2025-16:08:01.745566,0.05,1.56,0.0,0.0,0.0,0.0,0.0,13.48,18.59,0.0,2.04,1.0,0.0,15.92,7.23,4.35,3.26,0.2,0.0,1.74,1.04,0.0,2.88,0.32,0.0,16.25,2.81,1.48,1.99,0.35,0.0,0.22,0.27,0.0,1.53,0.29
07/30/2025-16:08:02.406067,0.05,1.56,0.0,0.0,0.0,0.0,0.0,13.48,18.59,0.0,2.04,1.0,0.0,15.92,7.23,4.35,3.26,0.2,0.0,1.74,1.04,0.0,2.88,0.32,0.0,16.25,2.81,1.48,1.99,0.35,0.0,0.22,0.27,0.0,1.53,0.29
07/30/2025-16:08:02.833540,0.05,1.56,0.0,0.0,0.0,0.0,0.0,13.48,18.59,0.0,2.04,1.0,0.0,15.92,7.23,4.35,3.26,0.2,0.0,1.74,1.04,0.0,2.88,0.32,0.0,16.25,2.81,1.48,1.99,0.35,0.0,0.22,0.27,0.0,1.53,0.29
07/30/2025-16:08:03.374564,0.05,1.56,0.0,0.0,0.0,0.0,0.0,13.48,18.59,0.0,2.04,1.0,0.0,15.92,7.23,4.35,3.26,0.2,0.0,1.74,1.04,0.0,2.88,0.32,0.0,16.25,2.81,1.48,1.99,0.35,0.0,0.22,0.27,0.0,1.53,0.29
07/30/2025-16:08:03.959824,0.05,1.11,0.0,0.0,0.0,0.0,0.0,13.53,18.84,0.0,2.11,1.04,0.0,16.2,7.33,4.39,3.31,0.22,0.0,2.12,0.95,0.0,2.78,0.39,0.0,16.21,2.96,1.66,1.91,0.32,0.0,0.22,0.55,0.0,1.5,0.36
07/30/2025-16:08:04.500199,0.05,1.11,0.0,0.0,0.0,0.0,0.0,13.53,18.84,0.0,2.11,1.04,0.0,16.2,7.33,4.39,3.31,0.22,0.0,2.12,0.95,0.0,2.78,0.39,0.0,16.21,2.96,1.66,1.91,0.32,0.0,0.22,0.55,0.0,1.5,0.36
07/30/2025-16:08:05.015134,0.05,1.11,0.0,0.0,0.0,0.0,0.0,13.53,18.84,0.0,2.11,1.04,0.0,16.2,7.33,4.39,3.31,0.22,0.0,2.12,0.95,0.0,2.78,0.39,0.0,16.21,2.96,1.66,1.91,0.32,0.0,0.22,0.55,0.0,1.5,0.36
07/30/2025-16:08:05.451300,0.05,1.17,0.0,0.0,0.0,0.0,0.0,13.48,18.68,0.0,2.12,1.06,0.0,16.68,7.44,4.45,3.33,0.24,0.0,2.56,1.06,0.0,2.83,0.36,0.0,16.46,2.95,1.77,1.96,0.37,0.0,0.23,0.88,0.0,1.53,0.33
07/30/2025-16:08:05.929102,0.05,1.17,0.0,0.0,0.0,0.0,0.0,13.48,18.68,0.0,2.12,1.06,0.0,16.68,7.44,4.45,3.33,0.24,0.0,2.56,1.06,0.0,2.83,0.36,0.0,16.46,2.95,1.77,1.96,0.37,0.0,0.23,0.88,0.0,1.53,0.33
07/30/2025-16:08:06.460564,0.05,1.17,0.0,0.0,0.0,0.0,0.0,13.48,18.68,0.0,2.12,1.06,0.0,16.68,7.44,4.45,3.33,0.24,0.0,2.56,1.06,0.0,2.83,0.36,0.0,16.46,2.95,1.77,1.96,0.37,0.0,0.23,0.88,0.0,1.53,0.33
07/30/2025-16:08:06.945089,0.05,1.17,0.0,0.0,0.0,0.0,0.0,13.48,18.68,0.0,2.12,1.06,0.0,16.68,7.44,4.45,3.33,0.24,0.0,2.56,1.06,0.0,2.83,0.36,0.0,16.46,2.95,1.77,1.96,0.37,0.0,0.23,0.88,0.0,1.53,0.33
07/30/2025-16:08:07.459371,0.0,1.06,0.0,0.0,0.0,0.0,0.0,13.38,18.61,0.0,2.18,1.04,0.0,16.05,7.18,4.62,3.39,0.27,0.0,2.65,1.0,0.0,2.87,0.39,0.0,16.48,2.95,1.75,2.03,0.38,0.0,0.18,1.07,0.0,1.54,0.32
07/30/2025-16:08:08.002762,0.0,1.06,0.0,0.0,0.0,0.0,0.0,13.38,18.61,0.0,2.18,1.04,0.0,16.05,7.18,4.62,3.39,0.27,0.0,2.65,1.0,0.0,2.87,0.39,0.0,16.48,2.95,1.75,2.03,0.38,0.0,0.18,1.07,0.0,1.54,0.32
07/30/2025-16:08:08.495654,0.0,1.06,0.0,0.0,0.0,0.0,0.0,13.38,18.61,0.0,2.18,1.04,0.0,16.05,7.18,4.62,3.39,0.27,0.0,2.65,1.0,0.0,2.87,0.39,0.0,16.48,2.95,1.75,2.03,0.38,0.0,0.18,1.07,0.0,1.54,0.32
07/30/2025-16:08:08.961214,0.0,0.97,0.0,0.0,0.0,0.0,0.0,13.4,19.01,0.0,2.17,1.09,0.0,16.76,7.36,4.66,3.43,0.33,0.0,2.84,1.06,0.0,2.87,0.41,0.0,16.46,2.95,1.76,2.01,0.37,0.0,0.23,1.08,0.0,1.56,0.37
07/30/2025-16:08:09.925169,0.0,0.97,0.0,0.0,0.0,0.0,0.0,13.4,19.01,0.0,2.17,1.09,0.0,16.76,7.36,4.66,3.43,0.33,0.0,2.84,1.06,0.0,2.87,0.41,0.0,16.46,2.95,1.76,2.01,0.37,0.0,0.23,1.08,0.0,1.56,0.37
07/30/2025-16:08:10.471834,0.0,0.97,0.0,0.0,0.0,0.0,0.0,13.4,19.01,0.0,2.17,1.09,0.0,16.76,7.36,4.66,3.43,0.33,0.0,2.84,1.06,0.0,2.87,0.41,0.0,16.46,2.95,1.76,2.01,0.37,0.0,0.23,1.08,0.0,1.56,0.37
07/30/2025-16:08:10.946681,0.18,0.97,0.0,0.0,0.0,0.0,0.0,13.72,19.24,0.0,2.32,1.13,0.0,16.51,7.45,4.62,3.46,0.31,0.0,3.18,1.06,0.0,2.88,0.43,0.0,16.41,2.88,1.75,2.03,0.38,0.0,0.26,1.49,0.0,1.6,0.33
07/30/2025-16:08:11.404289,0.18,0.97,0.0,0.0,0.0,0.0,0.0,13.72,19.24,0.0,2.32,1.13,0.0,16.51,7.45,4.62,3.46,0.31,0.0,3.18,1.06,0.0,2.88,0.43,0.0,16.41,2.88,1.75,2.03,0.38,0.0,0.26,1.49,0.0,1.6,0.33
07/30/2025-16:08:11.859159,0.18,0.97,0.0,0.0,0.0,0.0,0.0,13.72,19.24,0.0,2.32,1.13,0.0,16.51,7.45,4.62,3.46,0.31,0.0,3.18,1.06,0.0,2.88,0.43,0.0,16.41,2.88,1.75,2.03,0.38,0.0,0.26,1.49,0.0,1.6,0.33
07/30/2025-16:08:12.346540,0.05,0.89,0.0,0.0,0.0,0.0,0.0,13.89,18.92,0.0,2.32,1.12,0.0,16.85,7.52,4.71,3.48,0.28,0.0,3.09,0.96,0.0,2.87,0.43,0.0,16.51,3.01,1.82,1.99,0.3,0.0,0.14,1.68,0.0,1.59,0.38
07/30/2025-16:08:12.912415,0.05,0.89,0.0,0.0,0.0,0.0,0.0,13.89,18.92,0.0,2.32,1.12,0.0,16.85,7.52,4.71,3.48,0.28,0.0,3.09,0.96,0.0,2.87,0.43,0.0,16.51,3.01,1.82,1.99,0.3,0.0,0.14,1.68,0.0,1.59,0.38
07/30/2025-16:08:13.369175,0.05,0.89,0.0,0.0,0.0,0.0,0.0,13.89,18.92,0.0,2.32,1.12,0.0,16.85,7.52,4.71,3.48,0.28,0.0,3.09,0.96,0.0,2.87,0.43,0.0,16.51,3.01,1.82,1.99,0.3,0.0,0.14,1.68,0.0,1.59,0.38
07/30/2025-16:08:13.884636,0.05,0.89,0.0,0.0,0.0,0.0,0.0,13.89,18.92,0.0,2.32,1.12,0.0,16.85,7.52,4.71,3.48,0.28,0.0,3.09,0.96,0.0,2.87,0.43,0.0,16.51,3.01,1.82,1.99,0.3,0.0,0.14,1.68,0.0,1.59,0.38
07/30/2025-16:08:14.359708,0.23,0.89,0.0,0.0,0.0,0.0,0.0,13.92,18.9,0.0,2.27,1.12,0.0,16.98,7.53,4.7,3.5,0.3,0.0,2.99,1.0,0.0,2.88,0.43,0.0,16.58,3.05,1.77,2.01,0.35,0.0,0.09,1.86,0.0,1.6,0.38
07/30/2025-16:08:14.824547,0.23,0.89,0.0,0.0,0.0,0.0,0.0,13.92,18.9,0.0,2.27,1.12,0.0,16.98,7.53,4.7,3.5,0.3,0.0,2.99,1.0,0.0,2.88,0.43,0.0,16.58,3.05,1.77,2.01,0.35,0.0,0.09,1.86,0.0,1.6,0.38
07/30/2025-16:08:15.359548,0.23,0.89,0.0,0.0,0.0,0.0,0.0,13.92,18.9,0.0,2.27,1.12,0.0,16.98,7.53,4.7,3.5,0.3,0.0,2.99,1.0,0.0,2.88,0.43,0.0,16.58,3.05,1.77,2.01,0.35,0.0,0.09,1.86,0.0,1.6,0.38
07/30/2025-16:08:15.875596,0.18,0.89,0.0,0.0,0.0,0.0,0.0,13.97,19.02,0.0,2.32,1.15,0.0,17.02,7.6,4.73,3.49,0.3,0.0,2.99,1.14,0.0,2.89,0.34,0.0,16.57,3.06,1.83,2.03,0.37,0.0,0.22,1.86,0.0,1.62,0.38
07/30/2025-16:08:16.408214,0.18,0.89,0.0,0.0,0.0,0.0,0.0,13.97,19.02,0.0,2.32,1.15,0.0,17.02,7.6,4.73,3.49,0.3,0.0,2.99,1.14,0.0,2.89,0.34,0.0,16.57,3.06,1.83,2.03,0.37,0.0,0.22,1.86,0.0,1.62,0.38
07/30/2025-16:08:16.891872,0.18,0.89,0.0,0.0,0.0,0.0,0.0,13.97,19.02,0.0,2.32,1.15,0.0,17.02,7.6,4.73,3.49,0.3,0.0,2.99,1.14,0.0,2.89,0.34,0.0,16.57,3.06,1.83,2.03,0.37,0.0,0.22,1.86,0.0,1.62,0.38
07/30/2025-16:08:17.354921,0.18,0.89,0.0,0.0,0.0,0.0,0.0,13.97,19.02,0.0,2.32,1.15,0.0,17.02,7.6,4.73,3.49,0.3,0.0,2.99,1.14,0.0,2.89,0.34,0.0,16.57,3.06,1.83,2.03,0.37,0.0,0.22,1.86,0.0,1.62,0.38
07/30/2025-16:08:17.778882,0.05,0.86,0.0,0.0,0.0,0.0,0.0,13.79,19.25,0.0,2.31,1.12,0.0,17.21,7.59,4.72,3.5,0.31,0.0,2.89,1.17,0.0,2.9,0.43,0.0,16.57,3.0,1.86,2.01,0.41,0.0,0.22,2.05,0.0,1.6,0.38
07/30/2025-16:08:18.357371,0.05,0.86,0.0,0.0,0.0,0.0,0.0,13.79,19.25,0.0,2.31,1.12,0.0,17.21,7.59,4.72,3.5,0.31,0.0,2.89,1.17,0.0,2.9,0.43,0.0,16.57,3.0,1.86,2.01,0.41,0.0,0.22,2.05,0.0,1.6,0.38
07/30/2025-16:08:18.936145,0.05,0.86,0.0,0.0,0.0,0.0,0.0,13.79,19.25,0.0,2.31,1.12,0.0,17.21,7.59,4.72,3.5,0.31,0.0,2.89,1.17,0.0,2.9,0.43,0.0,16.57,3.0,1.86,2.01,0.41,0.0,0.22,2.05,0.0,1.6,0.38
07/30/2025-16:08:19.384137,0.09,0.89,0.0,0.0,0.0,0.0,0.0,13.67,19.14,0.0,2.37,1.17,0.0,17.5,7.65,4.76,3.53,0.31,0.0,3.9,1.13,0.0,2.91,0.47,0.0,16.62,3.1,1.76,2.01,0.31,0.0,0.2,2.31,0.0,1.6,0.39
07/30/2025-16:08:19.974906,0.09,0.89,0.0,0.0,0.0,0.0,0.0,13.67,19.14,0.0,2.37,1.17,0.0,17.5,7.65,4.76,3.53,0.31,0.0,3.9,1.13,0.0,2.91,0.47,0.0,16.62,3.1,1.76,2.01,0.31,0.0,0.2,2.31,0.0,1.6,0.39
07/30/2025-16:08:20.418255,0.09,0.89,0.0,0.0,0.0,0.0,0.0,13.67,19.14,0.0,2.37,1.17,0.0,17.5,7.65,4.76,3.53,0.31,0.0,3.9,1.13,0.0,2.91,0.47,0.0,16.62,3.1,1.76,2.01,0.31,0.0,0.2,2.31,0.0,1.6,0.39
07/30/2025-16:08:20.919418,0.09,0.89,0.0,0.0,0.0,0.0,0.0,13.67,19.14,0.0,2.37,1.17,0.0,17.5,7.65,4.76,3.53,0.31,0.0,3.9,1.13,0.0,2.91,0.47,0.0,16.62,3.1,1.76,2.01,0.31,0.0,0.2,2.31,0.0,1.6,0.39
07/30/2025-16:08:21.376384,0.09,0.92,0.0,0.0,0.0,0.0,0.0,13.34,18.84,0.0,2.34,1.19,0.0,17.52,7.63,4.82,3.52,0.33,0.0,3.42,1.16,0.0,2.91,0.47,0.0,16.66,3.18,1.86,1.97,0.4,0.0,0.25,2.4,0.0,1.62,0.39
07/30/2025-16:08:21.853703,0.09,0.92,0.0,0.0,0.0,0.0,0.0,13.34,18.84,0.0,2.34,1.19,0.0,17.52,7.63,4.82,3.52,0.33,0.0,3.42,1.16,0.0,2.91,0.47,0.0,16.66,3.18,1.86,1.97,0.4,0.0,0.25,2.4,0.0,1.62,0.39
07/30/2025-16:08:22.280661,0.09,0.92,0.0,0.0,0.0,0.0,0.0,13.34,18.84,0.0,2.34,1.19,0.0,17.52,7.63,4.82,3.52,0.33,0.0,3.42,1.16,0.0,2.91,0.47,0.0,16.66,3.18,1.86,1.97,0.4,0.0,0.25,2.4,0.0,1.62,0.39
07/30/2025-16:08:22.871073,0.09,0.92,0.0,0.0,0.0,0.0,0.0,13.34,18.84,0.0,2.34,1.19,0.0,17.52,7.63,4.82,3.52,0.33,0.0,3.42,1.16,0.0,2.91,0.47,0.0,16.66,3.18,1.86,1.97,0.4,0.0,0.25,2.4,0.0,1.62,0.39
07/30/2025-16:08:23.392554,0.0,0.81,0.0,-0.0,0.0,0.0,0.0,13.26,18.79,0.0,2.35,1.19,0.0,17.52,7.69,4.81,3.58,0.36,0.0,2.99,1.23,0.0,2.92,0.49,0.0,16.58,3.16,1.97,2.04,0.37,0.0,0.25,2.31,0.0,1.69,0.38
07/30/2025-16:08:24.042267,0.0,0.81,0.0,-0.0,0.0,0.0,0.0,13.26,18.79,0.0,2.35,1.19,0.0,17.52,7.69,4.81,3.58,0.36,0.0,2.99,1.23,0.0,2.92,0.49,0.0,16.58,3.16,1.97,2.04,0.37,0.0,0.25,2.31,0.0,1.69,0.38
07/30/2025-16:08:24.560763,0.0,0.81,0.0,-0.0,0.0,0.0,0.0,13.26,18.79,0.0,2.35,1.19,0.0,17.52,7.69,4.81,3.58,0.36,0.0,2.99,1.23,0.0,2.92,0.49,0.0,16.58,3.16,1.97,2.04,0.37,0.0,0.25,2.31,0.0,1.69,0.38
07/30/2025-16:08:25.028954,0.05,0.86,0.0,-0.0,0.0,0.0,0.0,13.16,18.84,0.0,2.3,1.13,0.0,17.86,7.7,4.76,3.59,0.35,0.0,3.33,1.26,0.0,2.91,0.45,0.0,16.79,3.21,1.88,2.01,0.43,0.0,0.35,2.14,0.0,1.7,0.4
07/30/2025-16:08:25.487810,0.05,0.86,0.0,-0.0,0.0,0.0,0.0,13.16,18.84,0.0,2.3,1.13,0.0,17.86,7.7,4.76,3.59,0.35,0.0,3.33,1.26,0.0,2.91,0.45,0.0,16.79,3.21,1.88,2.01,0.43,0.0,0.35,2.14,0.0,1.7,0.4
07/30/2025-16:08:25.930686,0.05,0.86,0.0,-0.0,0.0,0.0,0.0,13.16,18.84,0.0,2.3,1.13,0.0,17.86,7.7,4.76,3.59,0.35,0.0,3.33,1.26,0.0,2.91,0.45,0.0,16.79,3.21,1.88,2.01,0.43,0.0,0.35,2.14,0.0,1.7,0.4
07/30/2025-16:08:26.493063,0.23,0.81,0.0,0.0,0.0,0.0,0.0,13.03,18.8,0.0,2.36,1.12,0.0,17.75,7.69,4.81,3.59,0.36,0.0,2.89,1.23,0.0,2.91,0.51,0.0,17.08,3.23,1.84,2.08,0.41,0.0,0.26,2.43,0.0,1.78,0.42
07/30/2025-16:08:26.986129,0.23,0.81,0.0,0.0,0.0,0.0,0.0,13.03,18.8,0.0,2.36,1.12,0.0,17.75,7.69,4.81,3.59,0.36,0.0,2.89,1.23,0.0,2.91,0.51,0.0,17.08,3.23,1.84,2.08,0.41,0.0,0.26,2.43,0.0,1.78,0.42
07/30/2025-16:08:27.440149,0.23,0.81,0.0,0.0,0.0,0.0,0.0,13.03,18.8,0.0,2.36,1.12,0.0,17.75,7.69,4.81,3.59,0.36,0.0,2.89,1.23,0.0,2.91,0.51,0.0,17.08,3.23,1.84,2.08,0.41,0.0,0.26,2.43,0.0,1.78,0.42
07/30/2025-16:08:27.876710,0.23,0.81,0.0,0.0,0.0,0.0,0.0,13.03,18.8,0.0,2.36,1.12,0.0,17.75,7.69,4.81,3.59,0.36,0.0,2.89,1.23,0.0,2.91,0.51,0.0,17.08,3.23,1.84,2.08,0.41,0.0,0.26,2.43,0.0,1.78,0.42
07/30/2025-16:08:28.345507,0.18,0.92,0.0,0.0,0.0,0.0,0.0,13.09,18.86,0.0,2.31,1.17,0.0,17.94,7.7,4.82,3.63,0.39,0.0,3.66,1.23,0.0,2.92,0.49,0.0,17.2,3.08,1.84,2.09,0.41,0.0,0.23,2.5,0.0,1.8,0.42
07/30/2025-16:08:28.951799,0.18,0.92,0.0,0.0,0.0,0.0,0.0,13.09,18.86,0.0,2.31,1.17,0.0,17.94,7.7,4.82,3.63,0.39,0.0,3.66,1.23,0.0,2.92,0.49,0.0,17.2,3.08,1.84,2.09,0.41,0.0,0.23,2.5,0.0,1.8,0.42
07/30/2025-16:08:29.453793,0.18,0.92,0.0,0.0,0.0,0.0,0.0,13.09,18.86,0.0,2.31,1.17,0.0,17.94,7.7,4.82,3.63,0.39,0.0,3.66,1.23,0.0,2.92,0.49,0.0,17.2,3.08,1.84,2.09,0.41,0.0,0.23,2.5,0.0,1.8,0.42
07/30/2025-16:08:29.905574,0.18,0.92,0.0,0.0,0.0,0.0,0.0,13.09,18.86,0.0,2.31,1.17,0.0,17.94,7.7,4.82,3.63,0.39,0.0,3.66,1.23,0.0,2.92,0.49,0.0,17.2,3.08,1.84,2.09,0.41,0.0,0.23,2.5,0.0,1.8,0.42
07/30/2025-16:08:30.381315,0.14,0.86,0.0,0.0,0.0,0.0,0.0,13.25,18.86,0.0,2.44,1.23,0.0,17.92,7.75,4.84,3.63,0.38,0.0,3.62,1.26,0.0,2.94,0.53,0.0,17.3,3.13,1.82,2.04,0.43,0.0,0.31,2.6,0.0,1.79,0.43
07/30/2025-16:08:30.857397,0.14,0.86,0.0,0.0,0.0,0.0,0.0,13.25,18.86,0.0,2.44,1.23,0.0,17.92,7.75,4.84,3.63,0.38,0.0,3.62,1.26,0.0,2.94,0.53,0.0,17.3,3.13,1.82,2.04,0.43,0.0,0.31,2.6,0.0,1.79,0.43
07/30/2025-16:08:31.352203,0.14,0.86,0.0,0.0,0.0,0.0,0.0,13.25,18.86,0.0,2.44,1.23,0.0,17.92,7.75,4.84,3.63,0.38,0.0,3.62,1.26,0.0,2.94,0.53,0.0,17.3,3.13,1.82,2.04,0.43,0.0,0.31,2.6,0.0,1.79,0.43
07/30/2025-16:08:31.829894,0.18,0.81,0.0,0.0,0.0,0.0,0.0,13.34,18.79,0.0,2.36,1.09,0.0,17.92,7.77,4.79,3.65,0.37,0.0,3.62,1.26,0.0,2.93,0.49,0.0,17.41,3.24,1.86,2.06,0.43,0.0,0.28,2.67,0.0,1.72,0.4
07/30/2025-16:08:32.303766,0.18,0.81,0.0,0.0,0.0,0.0,0.0,13.34,18.79,0.0,2.36,1.09,0.0,17.92,7.77,4.79,3.65,0.37,0.0,3.62,1.26,0.0,2.93,0.49,0.0,17.41,3.24,1.86,2.06,0.43,0.0,0.28,2.67,0.0,1.72,0.4
07/30/2025-16:08:32.798442,0.18,0.81,0.0,0.0,0.0,0.0,0.0,13.34,18.79,0.0,2.36,1.09,0.0,17.92,7.77,4.79,3.65,0.37,0.0,3.62,1.26,0.0,2.93,0.49,0.0,17.41,3.24,1.86,2.06,0.43,0.0,0.28,2.67,0.0,1.72,0.4
07/30/2025-16:08:33.732612,0.14,0.84,0.0,0.0,0.0,0.0,0.0,13.27,18.89,0.0,2.46,1.09,0.0,18.01,7.75,4.81,3.66,0.39,0.0,4.19,1.27,0.0,2.92,0.47,0.0,17.24,3.28,1.85,2.01,0.41,0.0,0.34,2.83,0.0,1.68,0.42
07/30/2025-16:08:34.173760,0.14,0.84,0.0,0.0,0.0,0.0,0.0,13.27,18.89,0.0,2.46,1.09,0.0,18.01,7.75,4.81,3.66,0.39,0.0,4.19,1.27,0.0,2.92,0.47,0.0,17.24,3.28,1.85,2.01,0.41,0.0,0.34,2.83,0.0,1.68,0.42
07/30/2025-16:08:34.656410,0.14,0.84,0.0,0.0,0.0,0.0,0.0,13.27,18.89,0.0,2.46,1.09,0.0,18.01,7.75,4.81,3.66,0.39,0.0,4.19,1.27,0.0,2.92,0.47,0.0,17.24,3.28,1.85,2.01,0.41,0.0,0.34,2.83,0.0,1.68,0.42
07/30/2025-16:08:35.130052,0.14,0.84,0.0,0.0,0.0,0.0,0.0,13.27,18.89,0.0,2.46,1.09,0.0,18.01,7.75,4.81,3.66,0.39,0.0,4.19,1.27,0.0,2.92,0.47,0.0,17.24,3.28,1.85,2.01,0.41,0.0,0.34,2.83,0.0,1.68,0.42
07/30/2025-16:08:35.583378,0.09,0.89,0.0,0.0,0.0,0.0,0.0,13.03,18.88,0.0,2.51,1.08,0.0,17.19,7.63,4.84,3.66,0.36,0.0,4.1,1.3,0.0,2.9,0.49,0.0,17.32,3.36,1.84,2.03,0.44,0.0,0.26,2.96,0.0,1.8,0.43
07/30/2025-16:08:36.105260,0.09,0.89,0.0,0.0,0.0,0.0,0.0,13.03,18.88,0.0,2.51,1.08,0.0,17.19,7.63,4.84,3.66,0.36,0.0,4.1,1.3,0.0,2.9,0.49,0.0,17.32,3.36,1.84,2.03,0.44,0.0,0.26,2.96,0.0,1.8,0.43
07/30/2025-16:08:36.588136,0.09,0.89,0.0,0.0,0.0,0.0,0.0,13.03,18.88,0.0,2.51,1.08,0.0,17.19,7.63,4.84,3.66,0.36,0.0,4.1,1.3,0.0,2.9,0.49,0.0,17.32,3.36,1.84,2.03,0.44,0.0,0.26,2.96,0.0,1.8,0.43
07/30/2025-16:08:37.037074,0.09,0.89,0.0,0.0,0.0,0.0,0.0,13.03,18.88,0.0,2.51,1.08,0.0,17.19,7.63,4.84,3.66,0.36,0.0,4.1,1.3,0.0,2.9,0.49,0.0,17.32,3.36,1.84,2.03,0.44,0.0,0.26,2.96,0.0,1.8,0.43
07/30/2025-16:08:37.479634,0.0,0.72,0.0,0.0,0.0,0.0,0.0,13.12,19.19,0.0,2.53,1.09,0.0,17.54,7.73,4.87,3.69,0.35,0.0,4.15,1.36,0.0,2.91,0.53,0.0,17.39,3.34,1.87,1.99,0.44,0.0,0.38,3.15,0.0,1.8,0.44
07/30/2025-16:08:37.963886,0.0,0.72,0.0,0.0,0.0,0.0,0.0,13.12,19.19,0.0,2.53,1.09,0.0,17.54,7.73,4.87,3.69,0.35,0.0,4.15,1.36,0.0,2.91,0.53,0.0,17.39,3.34,1.87,1.99,0.44,0.0,0.38,3.15,0.0,1.8,0.44
07/30/2025-16:08:38.486546,0.0,0.72,0.0,0.0,0.0,0.0,0.0,13.12,19.19,0.0,2.53,1.09,0.0,17.54,7.73,4.87,3.69,0.35,0.0,4.15,1.36,0.0,2.91,0.53,0.0,17.39,3.34,1.87,1.99,0.44,0.0,0.38,3.15,0.0,1.8,0.44
07/30/2025-16:08:38.897567,0.14,0.72,0.0,0.0,0.0,0.0,0.0,13.13,19.19,0.0,2.59,1.12,0.0,17.73,7.76,4.93,3.72,0.37,0.0,4.44,1.33,0.0,2.93,0.53,0.0,17.36,3.31,1.96,2.06,0.44,0.0,0.34,3.19,0.0,1.8,0.44
07/30/2025-16:08:39.424005,0.14,0.72,0.0,0.0,0.0,0.0,0.0,13.13,19.19,0.0,2.59,1.12,0.0,17.73,7.76,4.93,3.72,0.37,0.0,4.44,1.33,0.0,2.93,0.53,0.0,17.36,3.31,1.96,2.06,0.44,0.0,0.34,3.19,0.0,1.8,0.44
07/30/2025-16:08:39.923396,0.14,0.72,0.0,0.0,0.0,0.0,0.0,13.13,19.19,0.0,2.59,1.12,0.0,17.73,7.76,4.93,3.72,0.37,0.0,4.44,1.33,0.0,2.93,0.53,0.0,17.36,3.31,1.96,2.06,0.44,0.0,0.34,3.19,0.0,1.8,0.44
07/30/2025-16:08:40.425405,0.14,0.72,0.0,0.0,0.0,0.0,0.0,13.13,19.19,0.0,2.59,1.12,0.0,17.73,7.76,4.93,3.72,0.37,0.0,4.44,1.33,0.0,2.93,0.53,0.0,17.36,3.31,1.96,2.06,0.44,0.0,0.34,3.19,0.0,1.8,0.44
07/30/2025-16:08:40.968061,0.23,0.64,0.0,0.0,0.0,0.0,0.0,13.18,19.18,0.0,2.64,1.15,0.0,17.71,7.79,4.94,3.75,0.36,0.0,4.1,1.27,0.0,2.94,0.51,0.0,17.41,3.38,1.98,2.08,0.47,0.0,0.32,3.47,0.0,1.81,0.45
07/30/2025-16:08:41.430869,0.23,0.64,0.0,0.0,0.0,0.0,0.0,13.18,19.18,0.0,2.64,1.15,0.0,17.71,7.79,4.94,3.75,0.36,0.0,4.1,1.27,0.0,2.94,0.51,0.0,17.41,3.38,1.98,2.08,0.47,0.0,0.32,3.47,0.0,1.81,0.45
07/30/2025-16:08:41.896797,0.23,0.64,0.0,0.0,0.0,0.0,0.0,13.18,19.18,0.0,2.64,1.15,0.0,17.71,7.79,4.94,3.75,0.36,0.0,4.1,1.27,0.0,2.94,0.51,0.0,17.41,3.38,1.98,2.08,0.47,0.0,0.32,3.47,0.0,1.81,0.45
07/30/2025-16:08:42.436542,0.05,0.86,0.0,0.0,0.0,0.0,0.0,13.05,19.14,0.0,2.62,1.13,0.0,17.88,7.84,4.94,3.76,0.37,0.0,3.9,1.3,0.0,2.95,0.49,0.0,17.45,3.38,2.02,2.03,0.44,0.0,0.31,3.53,0.0,1.81,0.47
07/30/2025-16:08:42.932303,0.05,0.86,0.0,0.0,0.0,0.0,0.0,13.05,19.14,0.0,2.62,1.13,0.0,17.88,7.84,4.94,3.76,0.37,0.0,3.9,1.3,0.0,2.95,0.49,0.0,17.45,3.38,2.02,2.03,0.44,0.0,0.31,3.53,0.0,1.81,0.47
07/30/2025-16:08:43.495415,0.05,0.86,0.0,0.0,0.0,0.0,0.0,13.05,19.14,0.0,2.62,1.13,0.0,17.88,7.84,4.94,3.76,0.37,0.0,3.9,1.3,0.0,2.95,0.49,0.0,17.45,3.38,2.02,2.03,0.44,0.0,0.31,3.53,0.0,1.81,0.47
07/30/2025-16:08:43.952725,0.05,0.86,0.0,0.0,0.0,0.0,0.0,13.05,19.14,0.0,2.62,1.13,0.0,17.88,7.84,4.94,3.76,0.37,0.0,3.9,1.3,0.0,2.95,0.49,0.0,17.45,3.38,2.02,2.03,0.44,0.0,0.31,3.53,0.0,1.81,0.47
07/30/2025-16:08:44.410090,0.0,0.7,0.0,-0.0,0.0,0.0,0.0,13.2,19.06,0.0,2.56,1.13,0.0,18.03,7.88,4.84,3.69,0.36,0.0,3.81,1.29,0.0,2.88,0.43,0.0,17.6,3.51,2.02,1.97,0.47,0.0,0.35,3.69,0.0,1.78,0.47
07/30/2025-16:08:44.881354,0.0,0.7,0.0,-0.0,0.0,0.0,0.0,13.2,19.06,0.0,2.56,1.13,0.0,18.03,7.88,4.84,3.69,0.36,0.0,3.81,1.29,0.0,2.88,0.43,0.0,17.6,3.51,2.02,1.97,0.47,0.0,0.35,3.69,0.0,1.78,0.47
07/30/2025-16:08:45.359187,0.0,0.7,0.0,-0.0,0.0,0.0,0.0,13.2,19.06,0.0,2.56,1.13,0.0,18.03,7.88,4.84,3.69,0.36,0.0,3.81,1.29,0.0,2.88,0.43,0.0,17.6,3.51,2.02,1.97,0.47,0.0,0.35,3.69,0.0,1.78,0.47
07/30/2025-16:08:45.823526,0.0,0.7,0.0,-0.0,0.0,0.0,0.0,13.2,19.06,0.0,2.56,1.13,0.0,18.03,7.88,4.84,3.69,0.36,0.0,3.81,1.29,0.0,2.88,0.43,0.0,17.6,3.51,2.02,1.97,0.47,0.0,0.35,3.69,0.0,1.78,0.47
07/30/2025-16:08:46.259832,0.18,0.89,0.0,0.01,0.0,0.0,0.0,13.31,19.05,0.0,2.59,1.15,0.0,17.98,7.85,4.96,3.78,0.32,0.0,3.66,1.27,0.0,2.99,0.54,0.0,17.63,3.49,2.07,2.08,0.47,0.0,0.32,3.76,0.0,1.92,0.48
07/30/2025-16:08:46.693018,0.18,0.89,0.0,0.01,0.0,0.0,0.0,13.31,19.05,0.0,2.59,1.15,0.0,17.98,7.85,4.96,3.78,0.32,0.0,3.66,1.27,0.0,2.99,0.54,0.0,17.63,3.49,2.07,2.08,0.47,0.0,0.32,3.76,0.0,1.92,0.48
07/30/2025-16:08:47.126712,0.18,0.89,0.0,0.01,0.0,0.0,0.0,13.31,19.05,0.0,2.59,1.15,0.0,17.98,7.85,4.96,3.78,0.32,0.0,3.66,1.27,0.0,2.99,0.54,0.0,17.63,3.49,2.07,2.08,0.47,0.0,0.32,3.76,0.0,1.92,0.48
07/30/2025-16:08:47.553544,0.18,0.89,0.0,0.01,0.0,0.0,0.0,13.31,19.05,0.0,2.59,1.15,0.0,17.98,7.85,4.96,3.78,0.32,0.0,3.66,1.27,0.0,2.99,0.54,0.0,17.63,3.49,2.07,2.08,0.47,0.0,0.32,3.76,0.0,1.92,0.48
07/30/2025-16:08:48.613690,0.23,0.84,0.0,0.0,0.0,0.0,0.0,13.43,19.14,0.0,2.47,1.16,0.0,17.96,7.85,4.96,3.8,0.41,0.0,3.81,1.29,0.0,3.0,0.54,0.0,17.71,3.56,2.04,2.06,0.47,0.0,0.26,3.66,0.0,1.91,0.48
07/30/2025-16:08:49.083237,0.23,0.84,0.0,0.0,0.0,0.0,0.0,13.43,19.14,0.0,2.47,1.16,0.0,17.96,7.85,4.96,3.8,0.41,0.0,3.81,1.29,0.0,3.0,0.54,0.0,17.71,3.56,2.04,2.06,0.47,0.0,0.26,3.66,0.0,1.91,0.48
07/30/2025-16:08:50.099449,0.05,0.61,0.0,0.0,0.0,0.0,0.0,13.04,19.22,0.0,2.59,1.16,0.0,17.84,7.86,5.0,3.84,0.4,0.0,3.62,1.27,0.0,2.99,0.56,0.0,17.79,3.51,2.03,2.04,0.43,0.0,0.22,3.7,0.0,1.83,0.47
07/30/2025-16:08:50.530735,0.05,0.61,0.0,0.0,0.0,0.0,0.0,13.04,19.22,0.0,2.59,1.16,0.0,17.84,7.86,5.0,3.84,0.4,0.0,3.62,1.27,0.0,2.99,0.56,0.0,17.79,3.51,2.03,2.04,0.43,0.0,0.22,3.7,0.0,1.83,0.47
07/30/2025-16:08:51.014715,0.05,0.61,0.0,0.0,0.0,0.0,0.0,13.04,19.22,0.0,2.59,1.16,0.0,17.84,7.86,5.0,3.84,0.4,0.0,3.62,1.27,0.0,2.99,0.56,0.0,17.79,3.51,2.03,2.04,0.43,0.0,0.22,3.7,0.0,1.83,0.47
07/30/2025-16:08:51.532962,0.14,0.67,0.0,0.0,0.0,0.0,0.0,13.32,19.25,0.0,2.58,1.16,0.0,18.51,7.97,4.96,3.83,0.42,0.0,3.42,1.25,0.0,2.97,0.51,0.0,17.9,3.58,1.98,2.03,0.46,0.0,0.38,3.73,0.0,1.87,0.47
07/30/2025-16:08:52.085191,0.14,0.67,0.0,0.0,0.0,0.0,0.0,13.32,19.25,0.0,2.58,1.16,0.0,18.51,7.97,4.96,3.83,0.42,0.0,3.42,1.25,0.0,2.97,0.51,0.0,17.9,3.58,1.98,2.03,0.46,0.0,0.38,3.73,0.0,1.87,0.47
07/30/2025-16:08:52.546168,0.14,0.67,0.0,0.0,0.0,0.0,0.0,13.32,19.25,0.0,2.58,1.16,0.0,18.51,7.97,4.96,3.83,0.42,0.0,3.42,1.25,0.0,2.97,0.51,0.0,17.9,3.58,1.98,2.03,0.46,0.0,0.38,3.73,0.0,1.87,0.47
07/30/2025-16:08:52.993129,0.14,0.67,0.0,0.0,0.0,0.0,0.0,13.32,19.25,0.0,2.58,1.16,0.0,18.51,7.97,4.96,3.83,0.42,0.0,3.42,1.25,0.0,2.97,0.51,0.0,17.9,3.58,1.98,2.03,0.46,0.0,0.38,3.73,0.0,1.87,0.47
07/30/2025-16:08:53.570671,0.05,0.5,0.0,-0.0,0.0,0.0,0.0,13.21,19.24,0.0,2.61,1.19,0.0,18.57,7.89,5.01,3.83,0.38,0.0,4.1,1.31,0.0,3.0,0.56,0.0,17.82,3.58,2.01,2.03,0.49,0.0,0.32,3.87,0.0,1.9,0.49
07/30/2025-16:08:54.066246,0.05,0.5,0.0,-0.0,0.0,0.0,0.0,13.21,19.24,0.0,2.61,1.19,0.0,18.57,7.89,5.01,3.83,0.38,0.0,4.1,1.31,0.0,3.0,0.56,0.0,17.82,3.58,2.01,2.03,0.49,0.0,0.32,3.87,0.0,1.9,0.49
07/30/2025-16:08:54.600341,0.05,0.5,0.0,-0.0,0.0,0.0,0.0,13.21,19.24,0.0,2.61,1.19,0.0,18.57,7.89,5.01,3.83,0.38,0.0,4.1,1.31,0.0,3.0,0.56,0.0,17.82,3.58,2.01,2.03,0.49,0.0,0.32,3.87,0.0,1.9,0.49
07/30/2025-16:08:55.164408,0.14,0.58,0.0,0.02,0.0,0.0,0.0,13.23,19.18,0.0,2.58,1.19,0.0,18.49,7.91,5.05,3.83,0.41,0.0,4.0,1.3,0.0,2.97,0.53,0.0,17.78,3.59,2.03,2.03,0.49,0.0,0.31,3.97,0.0,1.9,0.5
07/30/2025-16:08:55.707862,0.14,0.58,0.0,0.02,0.0,0.0,0.0,13.23,19.18,0.0,2.58,1.19,0.0,18.49,7.91,5.05,3.83,0.41,0.0,4.0,1.3,0.0,2.97,0.53,0.0,17.78,3.59,2.03,2.03,0.49,0.0,0.31,3.97,0.0,1.9,0.5
07/30/2025-16:08:56.257788,0.14,0.58,0.0,0.02,0.0,0.0,0.0,13.23,19.18,0.0,2.58,1.19,0.0,18.49,7.91,5.05,3.83,0.41,0.0,4.0,1.3,0.0,2.97,0.53,0.0,17.78,3.59,2.03,2.03,0.49,0.0,0.31,3.97,0.0,1.9,0.5
07/30/2025-16:08:56.720426,0.23,0.64,0.0,0.0,0.0,0.0,0.0,13.24,19.47,0.0,2.66,1.09,0.0,18.87,8.02,4.94,3.83,0.42,0.0,3.76,1.23,0.0,2.95,0.56,0.0,17.93,3.59,2.06,1.99,0.52,0.0,0.35,4.03,0.0,1.85,0.5
07/30/2025-16:08:57.257724,0.23,0.64,0.0,0.0,0.0,0.0,0.0,13.24,19.47,0.0,2.66,1.09,0.0,18.87,8.02,4.94,3.83,0.42,0.0,3.76,1.23,0.0,2.95,0.56,0.0,17.93,3.59,2.06,1.99,0.52,0.0,0.35,4.03,0.0,1.85,0.5
07/30/2025-16:08:57.686292,0.23,0.64,0.0,0.0,0.0,0.0,0.0,13.24,19.47,0.0,2.66,1.09,0.0,18.87,8.02,4.94,3.83,0.42,0.0,3.76,1.23,0.0,2.95,0.56,0.0,17.93,3.59,2.06,1.99,0.52,0.0,0.35,4.03,0.0,1.85,0.5
07/30/2025-16:08:58.143765,0.23,0.64,0.0,0.0,0.0,0.0,0.0,13.24,19.47,0.0,2.66,1.09,0.0,18.87,8.02,4.94,3.83,0.42,0.0,3.76,1.23,0.0,2.95,0.56,0.0,17.93,3.59,2.06,1.99,0.52,0.0,0.35,4.03,0.0,1.85,0.5
07/30/2025-16:08:58.560900,0.14,0.67,0.0,0.01,0.0,0.0,0.0,13.42,19.6,0.0,2.79,1.16,0.0,18.81,7.99,4.98,3.86,0.41,0.0,3.76,1.27,0.0,2.97,0.54,0.0,18.0,3.63,2.09,2.06,0.52,0.0,0.35,4.09,0.0,1.83,0.47
07/30/2025-16:08:59.120167,0.14,0.67,0.0,0.01,0.0,0.0,0.0,13.42,19.6,0.0,2.79,1.16,0.0,18.81,7.99,4.98,3.86,0.41,0.0,3.76,1.27,0.0,2.97,0.54,0.0,18.0,3.63,2.09,2.06,0.52,0.0,0.35,4.09,0.0,1.83,0.47
07/30/2025-16:08:59.563788,0.14,0.67,0.0,0.01,0.0,0.0,0.0,13.42,19.6,0.0,2.79,1.16,0.0,18.81,7.99,4.98,3.86,0.41,0.0,3.76,1.27,0.0,2.97,0.54,0.0,18.0,3.63,2.09,2.06,0.52,0.0,0.35,4.09,0.0,1.83,0.47
07/30/2025-16:09:00.062053,0.14,0.67,0.0,0.01,0.0,0.0,0.0,13.42,19.6,0.0,2.79,1.16,0.0,18.81,7.99,4.98,3.86,0.41,0.0,3.76,1.27,0.0,2.97,0.54,0.0,18.0,3.63,2.09,2.06,0.52,0.0,0.35,4.09,0.0,1.83,0.47
07/30/2025-16:09:00.588329,0.27,0.64,0.0,0.0,0.0,0.0,0.0,13.39,19.66,0.0,2.83,1.21,0.0,18.57,7.99,5.0,3.86,0.45,0.0,4.15,1.26,0.0,2.97,0.58,0.0,17.88,3.61,2.11,2.03,0.47,0.0,0.32,4.0,0.0,1.88,0.49
07/30/2025-16:09:01.045076,0.27,0.64,0.0,0.0,0.0,0.0,0.0,13.39,19.66,0.0,2.83,1.21,0.0,18.57,7.99,5.0,3.86,0.45,0.0,4.15,1.26,0.0,2.97,0.58,0.0,17.88,3.61,2.11,2.03,0.47,0.0,0.32,4.0,0.0,1.88,0.49
07/30/2025-16:09:01.528641,0.27,0.64,0.0,0.0,0.0,0.0,0.0,13.39,19.66,0.0,2.83,1.21,0.0,18.57,7.99,5.0,3.86,0.45,0.0,4.15,1.26,0.0,2.97,0.58,0.0,17.88,3.61,2.11,2.03,0.47,0.0,0.32,4.0,0.0,1.88,0.49
07/30/2025-16:09:02.016813,0.05,0.56,0.0,0.03,0.0,0.0,0.0,13.63,19.66,0.0,2.82,1.23,0.0,18.7,8.05,5.03,3.89,0.42,0.0,3.9,1.25,0.0,2.97,0.54,0.0,18.12,3.53,2.17,2.01,0.52,0.0,0.28,4.26,0.0,1.88,0.52
07/30/2025-16:09:02.553192,0.05,0.56,0.0,0.03,0.0,0.0,0.0,13.63,19.66,0.0,2.82,1.23,0.0,18.7,8.05,5.03,3.89,0.42,0.0,3.9,1.25,0.0,2.97,0.54,0.0,18.12,3.53,2.17,2.01,0.52,0.0,0.28,4.26,0.0,1.88,0.52
07/30/2025-16:09:03.072231,0.05,0.56,0.0,0.03,0.0,0.0,0.0,13.63,19.66,0.0,2.82,1.23,0.0,18.7,8.05,5.03,3.89,0.42,0.0,3.9,1.25,0.0,2.97,0.54,0.0,18.12,3.53,2.17,2.01,0.52,0.0,0.28,4.26,0.0,1.88,0.52
07/30/2025-16:09:03.497916,0.05,0.56,0.0,0.03,0.0,0.0,0.0,13.63,19.66,0.0,2.82,1.23,0.0,18.7,8.05,5.03,3.89,0.42,0.0,3.9,1.25,0.0,2.97,0.54,0.0,18.12,3.53,2.17,2.01,0.52,0.0,0.28,4.26,0.0,1.88,0.52
07/30/2025-16:09:03.951780,0.09,0.45,0.0,0.02,0.0,0.0,0.0,13.65,19.61,0.0,2.84,1.2,0.0,18.97,8.02,5.03,3.89,0.44,0.0,3.81,1.37,0.0,2.98,0.58,0.0,18.13,3.63,2.11,2.09,0.47,0.0,0.26,4.18,0.0,1.89,0.53
07/30/2025-16:09:04.430096,0.09,0.45,0.0,0.02,0.0,0.0,0.0,13.65,19.61,0.0,2.84,1.2,0.0,18.97,8.02,5.03,3.89,0.44,0.0,3.81,1.37,0.0,2.98,0.58,0.0,18.13,3.63,2.11,2.09,0.47,0.0,0.26,4.18,0.0,1.89,0.53
07/30/2025-16:09:04.893776,0.09,0.45,0.0,0.02,0.0,0.0,0.0,13.65,19.61,0.0,2.84,1.2,0.0,18.97,8.02,5.03,3.89,0.44,0.0,3.81,1.37,0.0,2.98,0.58,0.0,18.13,3.63,2.11,2.09,0.47,0.0,0.26,4.18,0.0,1.89,0.53
07/30/2025-16:09:05.345509,0.09,0.45,0.0,0.02,0.0,0.0,0.0,13.65,19.61,0.0,2.84,1.2,0.0,18.97,8.02,5.03,3.89,0.44,0.0,3.81,1.37,0.0,2.98,0.58,0.0,18.13,3.63,2.11,2.09,0.47,0.0,0.26,4.18,0.0,1.89,0.53
07/30/2025-16:09:05.768708,0.05,0.56,0.0,0.0,0.0,0.0,0.0,13.56,19.68,0.0,2.86,1.2,0.0,18.93,8.02,5.05,3.91,0.44,0.0,3.9,1.41,0.0,3.0,0.56,0.0,18.19,3.61,2.13,2.06,0.52,0.0,0.29,4.19,0.0,1.88,0.52
07/30/2025-16:09:06.242093,0.05,0.56,0.0,0.0,0.0,0.0,0.0,13.56,19.68,0.0,2.86,1.2,0.0,18.93,8.02,5.05,3.91,0.44,0.0,3.9,1.41,0.0,3.0,0.56,0.0,18.19,3.61,2.13,2.06,0.52,0.0,0.29,4.19,0.0,1.88,0.52
07/30/2025-16:09:06.677052,0.05,0.56,0.0,0.0,0.0,0.0,0.0,13.56,19.68,0.0,2.86,1.2,0.0,18.93,8.02,5.05,3.91,0.44,0.0,3.9,1.41,0.0,3.0,0.56,0.0,18.19,3.61,2.13,2.06,0.52,0.0,0.29,4.19,0.0,1.88,0.52
07/30/2025-16:09:07.190932,0.18,0.61,0.0,0.0,0.0,0.0,0.0,13.32,19.64,0.0,2.94,1.27,0.0,18.95,8.05,5.07,3.92,0.44,0.0,4.1,1.32,0.0,2.98,0.6,0.0,18.12,3.66,2.18,2.09,0.52,0.0,0.29,4.15,0.0,1.92,0.52
07/30/2025-16:09:07.709076,0.18,0.61,0.0,0.0,0.0,0.0,0.0,13.32,19.64,0.0,2.94,1.27,0.0,18.95,8.05,5.07,3.92,0.44,0.0,4.1,1.32,0.0,2.98,0.6,0.0,18.12,3.66,2.18,2.09,0.52,0.0,0.29,4.15,0.0,1.92,0.52
07/30/2025-16:09:08.191193,0.18,0.61,0.0,0.0,0.0,0.0,0.0,13.32,19.64,0.0,2.94,1.27,0.0,18.95,8.05,5.07,3.92,0.44,0.0,4.1,1.32,0.0,2.98,0.6,0.0,18.12,3.66,2.18,2.09,0.52,0.0,0.29,4.15,0.0,1.92,0.52
07/30/2025-16:09:08.659590,0.18,0.61,0.0,0.0,0.0,0.0,0.0,13.32,19.64,0.0,2.94,1.27,0.0,18.95,8.05,5.07,3.92,0.44,0.0,4.1,1.32,0.0,2.98,0.6,0.0,18.12,3.66,2.18,2.09,0.52,0.0,0.29,4.15,0.0,1.92,0.52
07/30/2025-16:09:09.143825,0.05,0.56,0.0,-0.0,0.0,0.0,0.0,13.32,19.74,0.0,2.93,1.23,0.0,19.12,8.04,5.07,3.93,0.46,0.0,4.19,1.33,0.0,3.01,0.62,0.0,18.13,3.58,2.18,2.01,0.53,0.0,0.31,4.15,0.0,1.85,0.52
07/30/2025-16:09:09.561910,0.05,0.56,0.0,-0.0,0.0,0.0,0.0,13.32,19.74,0.0,2.93,1.23,0.0,19.12,8.04,5.07,3.93,0.46,0.0,4.19,1.33,0.0,3.01,0.62,0.0,18.13,3.58,2.18,2.01,0.53,0.0,0.31,4.15,0.0,1.85,0.52
07/30/2025-16:09:10.025090,0.05,0.56,0.0,-0.0,0.0,0.0,0.0,13.32,19.74,0.0,2.93,1.23,0.0,19.12,8.04,5.07,3.93,0.46,0.0,4.19,1.33,0.0,3.01,0.62,0.0,18.13,3.58,2.18,2.01,0.53,0.0,0.31,4.15,0.0,1.85,0.52
07/30/2025-16:09:10.503417,0.05,0.56,0.0,-0.0,0.0,0.0,0.0,13.32,19.74,0.0,2.93,1.23,0.0,19.12,8.04,5.07,3.93,0.46,0.0,4.19,1.33,0.0,3.01,0.62,0.0,18.13,3.58,2.18,2.01,0.53,0.0,0.31,4.15,0.0,1.85,0.52
07/30/2025-16:09:11.016586,0.0,0.5,0.0,0.0,0.0,0.0,0.0,13.43,19.62,0.0,2.96,1.23,0.0,19.02,8.04,5.11,3.94,0.47,0.0,4.24,1.48,0.0,3.0,0.6,0.0,18.21,3.58,2.25,2.09,0.52,0.0,0.26,4.26,0.0,1.91,0.53
07/30/2025-16:09:11.456040,0.0,0.5,0.0,0.0,0.0,0.0,0.0,13.43,19.62,0.0,2.96,1.23,0.0,19.02,8.04,5.11,3.94,0.47,0.0,4.24,1.48,0.0,3.0,0.6,0.0,18.21,3.58,2.25,2.09,0.52,0.0,0.26,4.26,0.0,1.91,0.53
07/30/2025-16:09:11.939170,0.0,0.5,0.0,0.0,0.0,0.0,0.0,13.43,19.62,0.0,2.96,1.23,0.0,19.02,8.04,5.11,3.94,0.47,0.0,4.24,1.48,0.0,3.0,0.6,0.0,18.21,3.58,2.25,2.09,0.52,0.0,0.26,4.26,0.0,1.91,0.53
07/30/2025-16:09:12.398189,0.0,0.5,0.0,0.0,0.0,0.0,0.0,13.43,19.62,0.0,2.96,1.23,0.0,19.02,8.04,5.11,3.94,0.47,0.0,4.24,1.48,0.0,3.0,0.6,0.0,18.21,3.58,2.25,2.09,0.52,0.0,0.26,4.26,0.0,1.91,0.53
07/30/2025-16:09:12.875796,0.05,0.58,0.0,0.0,0.0,0.0,0.0,13.51,19.56,0.0,2.96,1.26,0.0,19.04,8.06,5.14,3.9,0.45,0.0,4.19,1.38,0.0,3.0,0.6,0.0,18.25,3.69,2.21,2.09,0.55,0.0,0.28,4.44,0.0,1.94,0.53
07/30/2025-16:09:13.310061,0.05,0.58,0.0,0.0,0.0,0.0,0.0,13.51,19.56,0.0,2.96,1.26,0.0,19.04,8.06,5.14,3.9,0.45,0.0,4.19,1.38,0.0,3.0,0.6,0.0,18.25,3.69,2.21,2.09,0.55,0.0,0.28,4.44,0.0,1.94,0.53
07/30/2025-16:09:13.768151,0.05,0.58,0.0,0.0,0.0,0.0,0.0,13.51,19.56,0.0,2.96,1.26,0.0,19.04,8.06,5.14,3.9,0.45,0.0,4.19,1.38,0.0,3.0,0.6,0.0,18.25,3.69,2.21,2.09,0.55,0.0,0.28,4.44,0.0,1.94,0.53
07/30/2025-16:09:14.227349,0.05,0.58,0.0,0.0,0.0,0.0,0.0,13.51,19.56,0.0,2.96,1.26,0.0,19.04,8.06,5.14,3.9,0.45,0.0,4.19,1.38,0.0,3.0,0.6,0.0,18.25,3.69,2.21,2.09,0.55,0.0,0.28,4.44,0.0,1.94,0.53
07/30/2025-16:09:14.664667,0.05,0.58,0.0,0.0,0.0,0.0,0.0,13.47,19.41,0.0,2.89,1.26,0.0,18.93,8.01,5.02,3.9,0.45,0.0,4.1,1.36,0.0,2.97,0.56,0.0,18.5,3.61,2.28,2.06,0.53,0.0,0.35,4.41,0.0,1.98,0.52
07/30/2025-16:09:15.143702,0.05,0.58,0.0,0.0,0.0,0.0,0.0,13.47,19.41,0.0,2.89,1.26,0.0,18.93,8.01,5.02,3.9,0.45,0.0,4.1,1.36,0.0,2.97,0.56,0.0,18.5,3.61,2.28,2.06,0.53,0.0,0.35,4.41,0.0,1.98,0.52
07/30/2025-16:09:15.589997,0.05,0.58,0.0,0.0,0.0,0.0,0.0,13.47,19.41,0.0,2.89,1.26,0.0,18.93,8.01,5.02,3.9,0.45,0.0,4.1,1.36,0.0,2.97,0.56,0.0,18.5,3.61,2.28,2.06,0.53,0.0,0.35,4.41,0.0,1.98,0.52
07/30/2025-16:09:16.108763,0.14,0.64,0.0,0.0,0.0,0.0,0.0,13.29,19.2,0.0,2.74,1.19,0.0,17.33,7.63,5.06,3.88,0.43,0.0,3.09,1.39,0.0,2.99,0.66,0.0,18.25,3.67,2.26,2.16,0.55,0.0,0.28,4.34,0.0,1.95,0.52
07/30/2025-16:09:16.548253,0.14,0.64,0.0,0.0,0.0,0.0,0.0,13.29,19.2,0.0,2.74,1.19,0.0,17.33,7.63,5.06,3.88,0.43,0.0,3.09,1.39,0.0,2.99,0.66,0.0,18.25,3.67,2.26,2.16,0.55,0.0,0.28,4.34,0.0,1.95,0.52
07/30/2025-16:09:16.998891,0.14,0.64,0.0,0.0,0.0,0.0,0.0,13.29,19.2,0.0,2.74,1.19,0.0,17.33,7.63,5.06,3.88,0.43,0.0,3.09,1.39,0.0,2.99,0.66,0.0,18.25,3.67,2.26,2.16,0.55,0.0,0.28,4.34,0.0,1.95,0.52
07/30/2025-16:09:17.433451,0.14,0.64,0.0,0.0,0.0,0.0,0.0,13.29,19.2,0.0,2.74,1.19,0.0,17.33,7.63,5.06,3.88,0.43,0.0,3.09,1.39,0.0,2.99,0.66,0.0,18.25,3.67,2.26,2.16,0.55,0.0,0.28,4.34,0.0,1.95,0.52
07/30/2025-16:09:17.962235,0.09,0.64,0.0,0.0,0.0,0.0,0.0,13.47,19.4,0.0,2.62,1.2,0.0,17.69,7.81,4.95,3.91,0.45,0.0,2.99,1.32,0.0,2.91,0.66,0.0,18.44,3.56,2.21,2.03,0.55,0.0,0.29,4.22,0.0,1.88,0.53
07/30/2025-16:09:18.382694,0.09,0.64,0.0,0.0,0.0,0.0,0.0,13.47,19.4,0.0,2.62,1.2,0.0,17.69,7.81,4.95,3.91,0.45,0.0,2.99,1.32,0.0,2.91,0.66,0.0,18.44,3.56,2.21,2.03,0.55,0.0,0.29,4.22,0.0,1.88,0.53
07/30/2025-16:09:18.880334,0.09,0.64,0.0,0.0,0.0,0.0,0.0,13.47,19.4,0.0,2.62,1.2,0.0,17.69,7.81,4.95,3.91,0.45,0.0,2.99,1.32,0.0,2.91,0.66,0.0,18.44,3.56,2.21,2.03,0.55,0.0,0.29,4.22,0.0,1.88,0.53
07/30/2025-16:09:19.347825,0.09,0.64,0.0,0.0,0.0,0.0,0.0,13.47,19.4,0.0,2.62,1.2,0.0,17.69,7.81,4.95,3.91,0.45,0.0,2.99,1.32,0.0,2.91,0.66,0.0,18.44,3.56,2.21,2.03,0.55,0.0,0.29,4.22,0.0,1.88,0.53
07/30/2025-16:09:19.808149,0.0,0.89,0.0,0.0,0.0,0.0,0.0,13.51,19.75,0.0,2.65,1.23,0.0,18.81,7.97,4.76,3.85,0.46,0.0,4.19,1.42,0.0,2.81,0.58,0.0,18.45,3.67,2.23,1.96,0.52,0.0,0.34,4.41,0.0,1.85,0.54
07/30/2025-16:09:20.220909,0.0,0.89,0.0,0.0,0.0,0.0,0.0,13.51,19.75,0.0,2.65,1.23,0.0,18.81,7.97,4.76,3.85,0.46,0.0,4.19,1.42,0.0,2.81,0.58,0.0,18.45,3.67,2.23,1.96,0.52,0.0,0.34,4.41,0.0,1.85,0.54
07/30/2025-16:09:20.673655,0.0,0.89,0.0,0.0,0.0,0.0,0.0,13.51,19.75,0.0,2.65,1.23,0.0,18.81,7.97,4.76,3.85,0.46,0.0,4.19,1.42,0.0,2.81,0.58,0.0,18.45,3.67,2.23,1.96,0.52,0.0,0.34,4.41,0.0,1.85,0.54
07/30/2025-16:09:21.223343,0.0,0.89,0.0,0.0,0.0,0.0,0.0,13.51,19.75,0.0,2.65,1.23,0.0,18.81,7.97,4.76,3.85,0.46,0.0,4.19,1.42,0.0,2.81,0.58,0.0,18.45,3.67,2.23,1.96,0.52,0.0,0.34,4.41,0.0,1.85,0.54
07/30/2025-16:09:21.716135,0.05,1.0,0.0,0.0,0.0,0.0,0.0,13.55,19.38,0.0,2.76,1.24,0.0,18.36,7.88,4.92,3.92,0.45,0.0,4.15,1.46,0.0,2.94,0.66,0.0,18.37,3.71,2.38,2.09,0.55,0.0,0.32,4.42,0.0,1.84,0.56
07/30/2025-16:09:22.314991,0.05,1.0,0.0,0.0,0.0,0.0,0.0,13.55,19.38,0.0,2.76,1.24,0.0,18.36,7.88,4.92,3.92,0.45,0.0,4.15,1.46,0.0,2.94,0.66,0.0,18.37,3.71,2.38,2.09,0.55,0.0,0.32,4.42,0.0,1.84,0.56
07/30/2025-16:09:22.899803,0.05,1.0,0.0,0.0,0.0,0.0,0.0,13.55,19.38,0.0,2.76,1.24,0.0,18.36,7.88,4.92,3.92,0.45,0.0,4.15,1.46,0.0,2.94,0.66,0.0,18.37,3.71,2.38,2.09,0.55,0.0,0.32,4.42,0.0,1.84,0.56
07/30/2025-16:09:23.348433,0.05,0.86,0.0,0.0,0.0,0.0,0.0,13.85,19.16,0.0,2.89,1.23,0.0,18.97,8.02,4.9,3.95,0.46,0.0,4.0,1.39,0.0,2.9,0.6,0.0,18.35,3.76,2.36,2.08,0.58,0.0,0.26,4.44,0.0,1.9,0.55
07/30/2025-16:09:23.837229,0.05,0.86,0.0,0.0,0.0,0.0,0.0,13.85,19.16,0.0,2.89,1.23,0.0,18.97,8.02,4.9,3.95,0.46,0.0,4.0,1.39,0.0,2.9,0.6,0.0,18.35,3.76,2.36,2.08,0.58,0.0,0.26,4.44,0.0,1.9,0.55
07/30/2025-16:09:24.298571,0.05,0.86,0.0,0.0,0.0,0.0,0.0,13.85,19.16,0.0,2.89,1.23,0.0,18.97,8.02,4.9,3.95,0.46,0.0,4.0,1.39,0.0,2.9,0.6,0.0,18.35,3.76,2.36,2.08,0.58,0.0,0.26,4.44,0.0,1.9,0.55
07/30/2025-16:09:24.795940,0.05,0.86,0.0,0.0,0.0,0.0,0.0,13.85,19.16,0.0,2.89,1.23,0.0,18.97,8.02,4.9,3.95,0.46,0.0,4.0,1.39,0.0,2.9,0.6,0.0,18.35,3.76,2.36,2.08,0.58,0.0,0.26,4.44,0.0,1.9,0.55
07/30/2025-16:09:25.371393,0.18,0.81,0.0,0.0,0.0,0.0,0.0,13.59,19.52,0.0,2.89,1.27,0.0,19.04,8.04,4.98,3.99,0.5,0.0,4.05,1.43,0.0,2.92,0.68,0.0,18.41,3.74,2.34,2.06,0.56,0.0,0.43,4.51,0.0,1.99,0.57
07/30/2025-16:09:25.847224,0.18,0.81,0.0,0.0,0.0,0.0,0.0,13.59,19.52,0.0,2.89,1.27,0.0,19.04,8.04,4.98,3.99,0.5,0.0,4.05,1.43,0.0,2.92,0.68,0.0,18.41,3.74,2.34,2.06,0.56,0.0,0.43,4.51,0.0,1.99,0.57
07/30/2025-16:09:26.456249,0.18,0.81,0.0,0.0,0.0,0.0,0.0,13.59,19.52,0.0,2.89,1.27,0.0,19.04,8.04,4.98,3.99,0.5,0.0,4.05,1.43,0.0,2.92,0.68,0.0,18.41,3.74,2.34,2.06,0.56,0.0,0.43,4.51,0.0,1.99,0.57
07/30/2025-16:09:26.897497,0.09,0.81,0.0,0.0,0.0,0.0,0.0,13.51,20.27,0.0,2.93,1.28,0.0,19.04,8.11,4.98,4.0,0.52,0.0,4.0,1.56,0.0,2.91,0.64,0.0,18.5,3.82,2.35,2.04,0.58,0.0,0.37,4.48,0.0,1.98,0.55
07/30/2025-16:09:27.387909,0.09,0.81,0.0,0.0,0.0,0.0,0.0,13.51,20.27,0.0,2.93,1.28,0.0,19.04,8.11,4.98,4.0,0.52,0.0,4.0,1.56,0.0,2.91,0.64,0.0,18.5,3.82,2.35,2.04,0.58,0.0,0.37,4.48,0.0,1.98,0.55
07/30/2025-16:09:27.835129,0.09,0.81,0.0,0.0,0.0,0.0,0.0,13.51,20.27,0.0,2.93,1.28,0.0,19.04,8.11,4.98,4.0,0.52,0.0,4.0,1.56,0.0,2.91,0.64,0.0,18.5,3.82,2.35,2.04,0.58,0.0,0.37,4.48,0.0,1.98,0.55
07/30/2025-16:09:28.937827,0.09,0.75,0.0,0.0,0.0,0.0,0.0,13.47,20.34,0.0,2.87,1.24,0.0,18.55,8.07,5.07,4.05,0.54,0.0,4.0,1.6,0.0,2.94,0.66,0.0,18.6,3.76,2.3,2.03,0.55,0.07,0.29,4.57,0.0,1.95,0.56
07/30/2025-16:09:29.489144,0.09,0.75,0.0,0.0,0.0,0.0,0.0,13.47,20.34,0.0,2.87,1.24,0.0,18.55,8.07,5.07,4.05,0.54,0.0,4.0,1.6,0.0,2.94,0.66,0.0,18.6,3.76,2.3,2.03,0.55,0.07,0.29,4.57,0.0,1.95,0.56
07/30/2025-16:09:30.004971,0.09,0.75,0.0,0.0,0.0,0.0,0.0,13.47,20.34,0.0,2.87,1.24,0.0,18.55,8.07,5.07,4.05,0.54,0.0,4.0,1.6,0.0,2.94,0.66,0.0,18.6,3.76,2.3,2.03,0.55,0.07,0.29,4.57,0.0,1.95,0.56
07/30/2025-16:09:30.436350,0.09,0.75,0.0,0.0,0.0,0.0,0.0,13.53,21.02,0.0,2.97,1.28,0.0,18.89,8.13,5.05,3.98,0.5,0.0,4.44,1.62,0.0,2.9,0.66,0.0,18.6,3.76,2.38,2.08,0.53,0.0,0.34,4.55,0.0,1.92,0.58
07/30/2025-16:09:30.885316,0.09,0.75,0.0,0.0,0.0,0.0,0.0,13.53,21.02,0.0,2.97,1.28,0.0,18.89,8.13,5.05,3.98,0.5,0.0,4.44,1.62,0.0,2.9,0.66,0.0,18.6,3.76,2.38,2.08,0.53,0.0,0.34,4.55,0.0,1.92,0.58
07/30/2025-16:09:31.311768,0.09,0.75,0.0,0.0,0.0,0.0,0.0,13.53,21.02,0.0,2.97,1.28,0.0,18.89,8.13,5.05,3.98,0.5,0.0,4.44,1.62,0.0,2.9,0.66,0.0,18.6,3.76,2.38,2.08,0.53,0.0,0.34,4.55,0.0,1.92,0.58
07/30/2025-16:09:31.773999,0.09,0.75,0.0,0.0,0.0,0.0,0.0,13.53,21.02,0.0,2.97,1.28,0.0,18.89,8.13,5.05,3.98,0.5,0.0,4.44,1.62,0.0,2.9,0.66,0.0,18.6,3.76,2.38,2.08,0.53,0.0,0.34,4.55,0.0,1.92,0.58
07/30/2025-16:09:32.246150,0.05,0.75,0.0,0.0,0.0,0.0,0.0,13.76,21.23,0.0,2.97,1.17,0.0,18.91,8.14,5.07,4.06,0.51,0.0,4.72,1.62,0.0,2.96,0.66,0.0,18.8,3.96,2.36,2.04,0.59,0.0,0.32,4.7,0.0,1.94,0.6
07/30/2025-16:09:32.801323,0.05,0.75,0.0,0.0,0.0,0.0,0.0,13.76,21.23,0.0,2.97,1.17,0.0,18.91,8.14,5.07,4.06,0.51,0.0,4.72,1.62,0.0,2.96,0.66,0.0,18.8,3.96,2.36,2.04,0.59,0.0,0.32,4.7,0.0,1.94,0.6
07/30/2025-16:09:33.334212,0.05,0.75,0.0,0.0,0.0,0.0,0.0,13.76,21.23,0.0,2.97,1.17,0.0,18.91,8.14,5.07,4.06,0.51,0.0,4.72,1.62,0.0,2.96,0.66,0.0,18.8,3.96,2.36,2.04,0.59,0.0,0.32,4.7,0.0,1.94,0.6
07/30/2025-16:09:33.840199,0.14,0.78,0.0,0.0,0.0,0.0,0.0,13.7,21.34,0.0,2.96,1.31,0.0,19.04,8.18,5.09,4.07,0.5,0.0,4.39,1.55,0.0,2.95,0.71,0.0,18.79,3.97,2.39,2.08,0.58,0.0,0.32,4.6,0.0,1.92,0.58
07/30/2025-16:09:34.327107,0.14,0.78,0.0,0.0,0.0,0.0,0.0,13.7,21.34,0.0,2.96,1.31,0.0,19.04,8.18,5.09,4.07,0.5,0.0,4.39,1.55,0.0,2.95,0.71,0.0,18.79,3.97,2.39,2.08,0.58,0.0,0.32,4.6,0.0,1.92,0.58
07/30/2025-16:09:34.786843,0.14,0.78,0.0,0.0,0.0,0.0,0.0,13.7,21.34,0.0,2.96,1.31,0.0,19.04,8.18,5.09,4.07,0.5,0.0,4.39,1.55,0.0,2.95,0.71,0.0,18.79,3.97,2.39,2.08,0.58,0.0,0.32,4.6,0.0,1.92,0.58
07/30/2025-16:09:35.229413,0.14,0.78,0.0,0.0,0.0,0.0,0.0,13.7,21.34,0.0,2.96,1.31,0.0,19.04,8.18,5.09,4.07,0.5,0.0,4.39,1.55,0.0,2.95,0.71,0.0,18.79,3.97,2.39,2.08,0.58,0.0,0.32,4.6,0.0,1.92,0.58
07/30/2025-16:09:35.666952,0.14,0.58,0.0,0.0,0.0,0.0,0.0,14.55,21.69,0.0,2.97,1.32,0.0,19.14,8.21,5.11,4.04,0.53,0.0,4.39,1.55,0.0,2.95,0.69,0.0,18.8,3.94,2.41,2.06,0.58,0.0,0.32,4.68,0.0,1.93,0.57
07/30/2025-16:09:36.159119,0.14,0.58,0.0,0.0,0.0,0.0,0.0,14.55,21.69,0.0,2.97,1.32,0.0,19.14,8.21,5.11,4.04,0.53,0.0,4.39,1.55,0.0,2.95,0.69,0.0,18.8,3.94,2.41,2.06,0.58,0.0,0.32,4.68,0.0,1.93,0.57
07/30/2025-16:09:36.596119,0.14,0.58,0.0,0.0,0.0,0.0,0.0,14.55,21.69,0.0,2.97,1.32,0.0,19.14,8.21,5.11,4.04,0.53,0.0,4.39,1.55,0.0,2.95,0.69,0.0,18.8,3.94,2.41,2.06,0.58,0.0,0.32,4.68,0.0,1.93,0.57
07/30/2025-16:09:37.123840,0.14,0.58,0.0,0.0,0.0,0.0,0.0,14.55,21.69,0.0,2.97,1.32,0.0,19.14,8.21,5.11,4.04,0.53,0.0,4.39,1.55,0.0,2.95,0.69,0.0,18.8,3.94,2.41,2.06,0.58,0.0,0.32,4.68,0.0,1.93,0.57
07/30/2025-16:09:37.644932,0.09,0.61,0.0,0.0,0.0,0.0,0.0,14.7,21.88,0.0,3.0,1.3,0.0,19.06,8.25,5.14,4.11,0.54,0.0,4.77,1.56,0.0,2.97,0.69,0.0,18.59,3.97,2.25,2.03,0.52,0.0,0.23,4.74,0.0,1.97,0.58
07/30/2025-16:09:38.108215,0.09,0.61,0.0,0.0,0.0,0.0,0.0,14.7,21.88,0.0,3.0,1.3,0.0,19.06,8.25,5.14,4.11,0.54,0.0,4.77,1.56,0.0,2.97,0.69,0.0,18.59,3.97,2.25,2.03,0.52,0.0,0.23,4.74,0.0,1.97,0.58
07/30/2025-16:09:39.115660,0.05,0.64,0.0,0.0,0.0,0.0,0.0,14.87,21.89,0.0,3.07,1.32,0.0,19.06,8.24,5.17,4.08,0.52,0.0,4.44,1.63,0.0,2.99,0.69,0.0,18.72,3.99,2.37,2.09,0.59,0.0,0.23,4.96,0.0,1.94,0.59
07/30/2025-16:09:39.612950,0.05,0.64,0.0,0.0,0.0,0.0,0.0,14.87,21.89,0.0,3.07,1.32,0.0,19.06,8.24,5.17,4.08,0.52,0.0,4.44,1.63,0.0,2.99,0.69,0.0,18.72,3.99,2.37,2.09,0.59,0.0,0.23,4.96,0.0,1.94,0.59
07/30/2025-16:09:40.134768,0.05,0.64,0.0,0.0,0.0,0.0,0.0,14.87,21.89,0.0,3.07,1.32,0.0,19.06,8.24,5.17,4.08,0.52,0.0,4.44,1.63,0.0,2.99,0.69,0.0,18.72,3.99,2.37,2.09,0.59,0.0,0.23,4.96,0.0,1.94,0.59
07/30/2025-16:09:40.609967,0.05,0.64,0.0,0.0,0.0,0.0,0.0,14.87,21.89,0.0,3.07,1.32,0.0,19.06,8.24,5.17,4.08,0.52,0.0,4.44,1.63,0.0,2.99,0.69,0.0,18.72,3.99,2.37,2.09,0.59,0.0,0.23,4.96,0.0,1.94,0.59
07/30/2025-16:09:41.067119,0.23,0.64,0.0,0.0,0.0,0.0,0.0,14.8,21.91,0.0,3.0,1.31,0.0,19.02,8.21,5.19,4.13,0.53,0.0,4.82,1.6,0.0,2.98,0.68,0.0,18.78,3.96,2.44,2.08,0.61,0.0,0.29,4.99,0.0,1.98,0.61
07/30/2025-16:09:41.564679,0.23,0.64,0.0,0.0,0.0,0.0,0.0,14.8,21.91,0.0,3.0,1.31,0.0,19.02,8.21,5.19,4.13,0.53,0.0,4.82,1.6,0.0,2.98,0.68,0.0,18.78,3.96,2.44,2.08,0.61,0.0,0.29,4.99,0.0,1.98,0.61
07/30/2025-16:09:42.025980,0.23,0.64,0.0,0.0,0.0,0.0,0.0,14.8,21.91,0.0,3.0,1.31,0.0,19.02,8.21,5.19,4.13,0.53,0.0,4.82,1.6,0.0,2.98,0.68,0.0,18.78,3.96,2.44,2.08,0.61,0.0,0.29,4.99,0.0,1.98,0.61
07/30/2025-16:09:42.467118,0.23,0.64,0.0,0.0,0.0,0.0,0.0,14.8,21.91,0.0,3.0,1.31,0.0,19.02,8.21,5.19,4.13,0.53,0.0,4.82,1.6,0.0,2.98,0.68,0.0,18.78,3.96,2.44,2.08,0.61,0.0,0.29,4.99,0.0,1.98,0.61
07/30/2025-16:09:42.906342,0.09,0.58,0.0,0.0,0.0,0.0,0.0,14.74,21.46,0.0,3.08,1.32,0.0,19.14,8.27,5.21,4.14,0.57,0.0,4.72,1.62,0.0,2.99,0.71,0.0,18.86,3.97,2.44,2.08,0.62,0.0,0.31,4.93,0.0,1.98,0.6
07/30/2025-16:09:43.396500,0.09,0.58,0.0,0.0,0.0,0.0,0.0,14.74,21.46,0.0,3.08,1.32,0.0,19.14,8.27,5.21,4.14,0.57,0.0,4.72,1.62,0.0,2.99,0.71,0.0,18.86,3.97,2.44,2.08,0.62,0.0,0.31,4.93,0.0,1.98,0.6
07/30/2025-16:09:43.841292,0.09,0.58,0.0,0.0,0.0,0.0,0.0,14.74,21.46,0.0,3.08,1.32,0.0,19.14,8.27,5.21,4.14,0.57,0.0,4.72,1.62,0.0,2.99,0.71,0.0,18.86,3.97,2.44,2.08,0.62,0.0,0.31,4.93,0.0,1.98,0.6
07/30/2025-16:09:44.294630,0.09,0.58,0.0,0.0,0.0,0.0,0.0,14.74,21.46,0.0,3.08,1.32,0.0,19.14,8.27,5.21,4.14,0.57,0.0,4.72,1.62,0.0,2.99,0.71,0.0,18.86,3.97,2.44,2.08,0.62,0.0,0.31,4.93,0.0,1.98,0.6
07/30/2025-16:09:44.750558,0.0,0.56,0.0,0.0,0.0,0.0,0.0,14.86,21.55,0.0,3.15,1.34,0.0,19.02,8.24,5.18,4.12,0.57,0.0,4.97,1.57,0.0,2.99,0.73,0.0,18.74,3.94,2.39,2.01,0.56,0.0,0.34,4.97,0.0,1.98,0.56
07/30/2025-16:09:45.248761,0.0,0.56,0.0,0.0,0.0,0.0,0.0,14.86,21.55,0.0,3.15,1.34,0.0,19.02,8.24,5.18,4.12,0.57,0.0,4.97,1.57,0.0,2.99,0.73,0.0,18.74,3.94,2.39,2.01,0.56,0.0,0.34,4.97,0.0,1.98,0.56
07/30/2025-16:09:45.745960,0.0,0.56,0.0,0.0,0.0,0.0,0.0,14.86,21.55,0.0,3.15,1.34,0.0,19.02,8.24,5.18,4.12,0.57,0.0,4.97,1.57,0.0,2.99,0.73,0.0,18.74,3.94,2.39,2.01,0.56,0.0,0.34,4.97,0.0,1.98,0.56
07/30/2025-16:09:46.257446,0.0,0.56,0.0,0.0,0.0,0.0,0.0,14.86,21.55,0.0,3.15,1.34,0.0,19.02,8.24,5.18,4.12,0.57,0.0,4.97,1.57,0.0,2.99,0.73,0.0,18.74,3.94,2.39,2.01,0.56,0.0,0.34,4.97,0.0,1.98,0.56
07/30/2025-16:09:46.731462,0.05,0.56,0.0,0.0,0.0,0.0,0.0,14.79,21.88,0.0,3.15,1.34,0.0,19.08,8.25,5.2,4.15,0.54,0.0,4.72,1.49,0.0,3.0,0.69,0.0,18.69,3.97,2.37,2.11,0.61,0.0,0.26,4.96,0.0,1.97,0.63
07/30/2025-16:09:47.152174,0.05,0.56,0.0,0.0,0.0,0.0,0.0,14.79,21.88,0.0,3.15,1.34,0.0,19.08,8.25,5.2,4.15,0.54,0.0,4.72,1.49,0.0,3.0,0.69,0.0,18.69,3.97,2.37,2.11,0.61,0.0,0.26,4.96,0.0,1.97,0.63
07/30/2025-16:09:47.625021,0.05,0.56,0.0,0.0,0.0,0.0,0.0,14.79,21.88,0.0,3.15,1.34,0.0,19.08,8.25,5.2,4.15,0.54,0.0,4.72,1.49,0.0,3.0,0.69,0.0,18.69,3.97,2.37,2.11,0.61,0.0,0.26,4.96,0.0,1.97,0.63
07/30/2025-16:09:48.048599,0.05,0.56,0.0,0.0,0.0,0.0,0.0,14.79,21.88,0.0,3.15,1.34,0.0,19.08,8.25,5.2,4.15,0.54,0.0,4.72,1.49,0.0,3.0,0.69,0.0,18.69,3.97,2.37,2.11,0.61,0.0,0.26,4.96,0.0,1.97,0.63
07/30/2025-16:09:48.503315,0.09,0.56,0.0,0.0,0.0,0.0,0.0,14.8,21.91,0.0,3.1,1.28,0.0,18.99,8.24,5.23,4.14,0.58,0.0,4.82,1.54,0.0,3.0,0.69,0.0,18.64,4.11,2.4,2.08,0.61,0.0,0.32,5.09,0.0,1.95,0.59
07/30/2025-16:09:49.046247,0.09,0.56,0.0,0.0,0.0,0.0,0.0,14.8,21.91,0.0,3.1,1.28,0.0,18.99,8.24,5.23,4.14,0.58,0.0,4.82,1.54,0.0,3.0,0.69,0.0,18.64,4.11,2.4,2.08,0.61,0.0,0.32,5.09,0.0,1.95,0.59
07/30/2025-16:09:49.492490,0.09,0.56,0.0,0.0,0.0,0.0,0.0,14.8,21.91,0.0,3.1,1.28,0.0,18.99,8.24,5.23,4.14,0.58,0.0,4.82,1.54,0.0,3.0,0.69,0.0,18.64,4.11,2.4,2.08,0.61,0.0,0.32,5.09,0.0,1.95,0.59
07/30/2025-16:09:49.945417,0.0,0.64,0.0,0.0,0.0,0.0,0.0,14.63,21.9,0.0,3.11,1.34,0.0,18.83,8.26,5.22,4.17,0.57,0.0,4.92,1.56,0.0,3.01,0.71,0.0,18.57,4.09,2.41,2.08,0.62,0.0,0.22,5.09,0.0,1.98,0.63
07/30/2025-16:09:50.448447,0.0,0.64,0.0,0.0,0.0,0.0,0.0,14.63,21.9,0.0,3.11,1.34,0.0,18.83,8.26,5.22,4.17,0.57,0.0,4.92,1.56,0.0,3.01,0.71,0.0,18.57,4.09,2.41,2.08,0.62,0.0,0.22,5.09,0.0,1.98,0.63
07/30/2025-16:09:50.948828,0.0,0.64,0.0,0.0,0.0,0.0,0.0,14.63,21.9,0.0,3.11,1.34,0.0,18.83,8.26,5.22,4.17,0.57,0.0,4.92,1.56,0.0,3.01,0.71,0.0,18.57,4.09,2.41,2.08,0.62,0.0,0.22,5.09,0.0,1.98,0.63
07/30/2025-16:09:51.396277,0.0,0.64,0.0,0.0,0.0,0.0,0.0,14.63,21.9,0.0,3.11,1.34,0.0,18.83,8.26,5.22,4.17,0.57,0.0,4.92,1.56,0.0,3.01,0.71,0.0,18.57,4.09,2.41,2.08,0.62,0.0,0.22,5.09,0.0,1.98,0.63
07/30/2025-16:09:51.872870,0.23,0.61,0.0,0.0,0.0,0.0,0.0,14.71,21.89,0.0,3.17,1.35,0.0,18.99,8.27,5.24,4.18,0.55,0.0,5.3,1.56,0.0,3.0,0.73,0.0,18.57,4.12,2.4,2.11,0.59,0.0,0.35,5.17,0.0,1.97,0.61
07/30/2025-16:09:52.323540,0.23,0.61,0.0,0.0,0.0,0.0,0.0,14.71,21.89,0.0,3.17,1.35,0.0,18.99,8.27,5.24,4.18,0.55,0.0,5.3,1.56,0.0,3.0,0.73,0.0,18.57,4.12,2.4,2.11,0.59,0.0,0.35,5.17,0.0,1.97,0.61
07/30/2025-16:09:52.758398,0.23,0.61,0.0,0.0,0.0,0.0,0.0,14.71,21.89,0.0,3.17,1.35,0.0,18.99,8.27,5.24,4.18,0.55,0.0,5.3,1.56,0.0,3.0,0.73,0.0,18.57,4.12,2.4,2.11,0.59,0.0,0.35,5.17,0.0,1.97,0.61
07/30/2025-16:09:53.197323,0.23,0.61,0.0,0.0,0.0,0.0,0.0,14.71,21.89,0.0,3.17,1.35,0.0,18.99,8.27,5.24,4.18,0.55,0.0,5.3,1.56,0.0,3.0,0.73,0.0,18.57,4.12,2.4,2.11,0.59,0.0,0.35,5.17,0.0,1.97,0.61
07/30/2025-16:09:53.673907,0.0,0.56,0.0,0.0,0.0,0.0,0.0,14.87,21.88,0.0,3.1,1.3,0.0,19.1,8.29,5.23,4.19,0.59,0.0,5.21,1.6,0.0,3.01,0.75,0.0,18.75,4.01,2.43,2.09,0.61,0.0,0.22,5.04,0.0,1.95,0.64
07/30/2025-16:09:54.122860,0.0,0.56,0.0,0.0,0.0,0.0,0.0,14.87,21.88,0.0,3.1,1.3,0.0,19.1,8.29,5.23,4.19,0.59,0.0,5.21,1.6,0.0,3.01,0.75,0.0,18.75,4.01,2.43,2.09,0.61,0.0,0.22,5.04,0.0,1.95,0.64
07/30/2025-16:09:54.563199,0.0,0.56,0.0,0.0,0.0,0.0,0.0,14.87,21.88,0.0,3.1,1.3,0.0,19.1,8.29,5.23,4.19,0.59,0.0,5.21,1.6,0.0,3.01,0.75,0.0,18.75,4.01,2.43,2.09,0.61,0.0,0.22,5.04,0.0,1.95,0.64
07/30/2025-16:09:55.047128,0.0,0.56,0.0,0.0,0.0,0.0,0.0,14.87,21.88,0.0,3.1,1.3,0.0,19.1,8.29,5.23,4.19,0.59,0.0,5.21,1.6,0.0,3.01,0.75,0.0,18.75,4.01,2.43,2.09,0.61,0.0,0.22,5.04,0.0,1.95,0.64
07/30/2025-16:09:55.553011,0.0,0.53,0.0,0.0,0.0,0.0,0.0,14.95,21.8,0.0,3.15,1.35,0.0,19.08,8.29,5.24,4.19,0.56,0.0,5.06,1.5,0.0,3.02,0.71,0.0,18.73,4.12,2.35,2.08,0.62,0.0,0.26,5.22,0.0,1.98,0.64
07/30/2025-16:09:56.017515,0.0,0.53,0.0,0.0,0.0,0.0,0.0,14.95,21.8,0.0,3.15,1.35,0.0,19.08,8.29,5.24,4.19,0.56,0.0,5.06,1.5,0.0,3.02,0.71,0.0,18.73,4.12,2.35,2.08,0.62,0.0,0.26,5.22,0.0,1.98,0.64
07/30/2025-16:09:56.461358,0.0,0.53,0.0,0.0,0.0,0.0,0.0,14.95,21.8,0.0,3.15,1.35,0.0,19.08,8.29,5.24,4.19,0.56,0.0,5.06,1.5,0.0,3.02,0.71,0.0,18.73,4.12,2.35,2.08,0.62,0.0,0.26,5.22,0.0,1.98,0.64
07/30/2025-16:09:56.936987,0.09,0.5,0.0,0.0,0.0,0.0,0.0,14.75,21.94,0.0,3.16,1.3,0.0,19.1,8.25,5.24,4.15,0.6,0.0,4.87,1.6,0.0,3.01,0.73,0.0,18.79,4.19,2.4,2.11,0.61,0.0,0.42,5.26,0.0,1.98,0.65
07/30/2025-16:09:57.459983,0.09,0.5,0.0,0.0,0.0,0.0,0.0,14.75,21.94,0.0,3.16,1.3,0.0,19.1,8.25,5.24,4.15,0.6,0.0,4.87,1.6,0.0,3.01,0.73,0.0,18.79,4.19,2.4,2.11,0.61,0.0,0.42,5.26,0.0,1.98,0.65
07/30/2025-16:09:58.007149,0.09,0.5,0.0,0.0,0.0,0.0,0.0,14.75,21.94,0.0,3.16,1.3,0.0,19.1,8.25,5.24,4.15,0.6,0.0,4.87,1.6,0.0,3.01,0.73,0.0,18.79,4.19,2.4,2.11,0.61,0.0,0.42,5.26,0.0,1.98,0.65
07/30/2025-16:09:58.575449,0.09,0.5,0.0,0.0,0.0,0.0,0.0,14.75,21.94,0.0,3.16,1.3,0.0,19.1,8.25,5.24,4.15,0.6,0.0,4.87,1.6,0.0,3.01,0.73,0.0,18.79,4.19,2.4,2.11,0.61,0.0,0.42,5.26,0.0,1.98,0.65
07/30/2025-16:09:59.068495,0.0,0.5,0.0,0.0,0.0,0.0,0.0,14.97,22.05,0.0,3.09,1.31,0.0,19.23,8.31,5.26,4.21,0.61,0.0,5.11,1.61,0.0,3.03,0.75,0.0,18.87,4.22,2.39,2.11,0.63,0.0,0.31,5.2,0.0,2.0,0.66
07/30/2025-16:09:59.551696,0.0,0.5,0.0,0.0,0.0,0.0,0.0,14.97,22.05,0.0,3.09,1.31,0.0,19.23,8.31,5.26,4.21,0.61,0.0,5.11,1.61,0.0,3.03,0.75,0.0,18.87,4.22,2.39,2.11,0.63,0.0,0.31,5.2,0.0,2.0,0.66
07/30/2025-16:10:00.001811,0.0,0.5,0.0,0.0,0.0,0.0,0.0,14.97,22.05,0.0,3.09,1.31,0.0,19.23,8.31,5.26,4.21,0.61,0.0,5.11,1.61,0.0,3.03,0.75,0.0,18.87,4.22,2.39,2.11,0.63,0.0,0.31,5.2,0.0,2.0,0.66
07/30/2025-16:10:00.537804,0.14,0.5,0.0,0.0,0.0,0.0,0.0,14.88,21.96,0.0,3.16,1.34,0.0,19.2,8.36,5.25,4.17,0.68,0.0,4.72,1.57,0.0,3.03,0.75,0.0,18.64,4.35,2.38,2.13,0.61,0.0,0.34,5.19,0.0,2.01,0.66
07/30/2025-16:10:01.024339,0.14,0.5,0.0,0.0,0.0,0.0,0.0,14.88,21.96,0.0,3.16,1.34,0.0,19.2,8.36,5.25,4.17,0.68,0.0,4.72,1.57,0.0,3.03,0.75,0.0,18.64,4.35,2.38,2.13,0.61,0.0,0.34,5.19,0.0,2.01,0.66
07/30/2025-16:10:01.467640,0.14,0.5,0.0,0.0,0.0,0.0,0.0,14.88,21.96,0.0,3.16,1.34,0.0,19.2,8.36,5.25,4.17,0.68,0.0,4.72,1.57,0.0,3.03,0.75,0.0,18.64,4.35,2.38,2.13,0.61,0.0,0.34,5.19,0.0,2.01,0.66
07/30/2025-16:10:01.920372,0.14,0.5,0.0,0.0,0.0,0.0,0.0,14.88,21.96,0.0,3.16,1.34,0.0,19.2,8.36,5.25,4.17,0.68,0.0,4.72,1.57,0.0,3.03,0.75,0.0,18.64,4.35,2.38,2.13,0.61,0.0,0.34,5.19,0.0,2.01,0.66
07/30/2025-16:10:02.372057,0.0,0.58,0.0,0.0,0.0,0.0,0.0,14.78,22.1,0.0,3.14,1.34,0.0,19.33,8.36,5.27,4.22,0.69,0.0,4.68,1.52,0.0,3.02,0.77,0.0,18.74,4.29,2.31,2.06,0.65,0.0,0.31,5.1,0.0,1.98,0.65
07/30/2025-16:10:02.932287,0.0,0.58,0.0,0.0,0.0,0.0,0.0,14.78,22.1,0.0,3.14,1.34,0.0,19.33,8.36,5.27,4.22,0.69,0.0,4.68,1.52,0.0,3.02,0.77,0.0,18.74,4.29,2.31,2.06,0.65,0.0,0.31,5.1,0.0,1.98,0.65
07/30/2025-16:10:03.466091,0.0,0.58,0.0,0.0,0.0,0.0,0.0,14.78,22.1,0.0,3.14,1.34,0.0,19.33,8.36,5.27,4.22,0.69,0.0,4.68,1.52,0.0,3.02,0.77,0.0,18.74,4.29,2.31,2.06,0.65,0.0,0.31,5.1,0.0,1.98,0.65
07/30/2025-16:10:03.917644,0.0,0.58,0.0,0.0,0.0,0.0,0.0,14.78,22.1,0.0,3.14,1.34,0.0,19.33,8.36,5.27,4.22,0.69,0.0,4.68,1.52,0.0,3.02,0.77,0.0,18.74,4.29,2.31,2.06,0.65,0.0,0.31,5.1,0.0,1.98,0.65
07/30/2025-16:10:04.414251,0.09,0.47,0.0,0.0,0.0,0.0,0.0,14.89,22.23,0.0,3.19,1.38,0.0,19.08,8.34,5.29,4.2,0.7,0.0,4.77,1.63,0.0,3.01,0.77,0.0,18.86,4.27,2.32,2.11,0.55,0.0,0.32,5.23,0.0,1.95,0.68
07/30/2025-16:10:04.850337,0.09,0.47,0.0,0.0,0.0,0.0,0.0,14.89,22.23,0.0,3.19,1.38,0.0,19.08,8.34,5.29,4.2,0.7,0.0,4.77,1.63,0.0,3.01,0.77,0.0,18.86,4.27,2.32,2.11,0.55,0.0,0.32,5.23,0.0,1.95,0.68
07/30/2025-16:10:05.381931,0.09,0.47,0.0,0.0,0.0,0.0,0.0,14.89,22.23,0.0,3.19,1.38,0.0,19.08,8.34,5.29,4.2,0.7,0.0,4.77,1.63,0.0,3.01,0.77,0.0,18.86,4.27,2.32,2.11,0.55,0.0,0.32,5.23,0.0,1.95,0.68
07/30/2025-16:10:05.823012,0.09,0.47,0.0,0.0,0.0,0.0,0.0,14.77,22.19,0.0,3.21,1.38,0.0,19.25,8.36,5.3,4.19,0.6,0.0,4.58,1.62,0.0,3.02,0.79,0.0,18.92,4.32,2.33,2.13,0.65,0.0,0.37,5.35,0.0,1.89,0.66
07/30/2025-16:10:06.304200,0.09,0.47,0.0,0.0,0.0,0.0,0.0,14.77,22.19,0.0,3.21,1.38,0.0,19.25,8.36,5.3,4.19,0.6,0.0,4.58,1.62,0.0,3.02,0.79,0.0,18.92,4.32,2.33,2.13,0.65,0.0,0.37,5.35,0.0,1.89,0.66
07/30/2025-16:10:06.814367,0.09,0.47,0.0,0.0,0.0,0.0,0.0,14.77,22.19,0.0,3.21,1.38,0.0,19.25,8.36,5.3,4.19,0.6,0.0,4.58,1.62,0.0,3.02,0.79,0.0,18.92,4.32,2.33,2.13,0.65,0.0,0.37,5.35,0.0,1.89,0.66
07/30/2025-16:10:07.251960,0.09,0.47,0.0,0.0,0.0,0.0,0.0,14.77,22.19,0.0,3.21,1.38,0.0,19.25,8.36,5.3,4.19,0.6,0.0,4.58,1.62,0.0,3.02,0.79,0.0,18.92,4.32,2.33,2.13,0.65,0.0,0.37,5.35,0.0,1.89,0.66
07/30/2025-16:10:07.707458,0.09,1.36,0.0,0.0,0.0,0.0,0.0,14.75,21.24,0.0,3.08,1.35,0.0,19.04,8.36,5.24,4.21,0.65,0.0,5.01,1.56,0.0,3.01,0.79,0.0,19.02,4.3,2.44,2.08,0.65,0.0,0.37,5.32,0.0,1.95,0.67
07/30/2025-16:10:08.173561,0.09,1.36,0.0,0.0,0.0,0.0,0.0,14.75,21.24,0.0,3.08,1.35,0.0,19.04,8.36,5.24,4.21,0.65,0.0,5.01,1.56,0.0,3.01,0.79,0.0,19.02,4.3,2.44,2.08,0.65,0.0,0.37,5.32,0.0,1.95,0.67
07/30/2025-16:10:08.642018,0.09,1.36,0.0,0.0,0.0,0.0,0.0,14.75,21.24,0.0,3.08,1.35,0.0,19.04,8.36,5.24,4.21,0.65,0.0,5.01,1.56,0.0,3.01,0.79,0.0,19.02,4.3,2.44,2.08,0.65,0.0,0.37,5.32,0.0,1.95,0.67
07/30/2025-16:10:09.096649,0.09,1.36,0.0,0.0,0.0,0.0,0.0,14.75,21.24,0.0,3.08,1.35,0.0,19.04,8.36,5.24,4.21,0.65,0.0,5.01,1.56,0.0,3.01,0.79,0.0,19.02,4.3,2.44,2.08,0.65,0.0,0.37,5.32,0.0,1.95,0.67
07/30/2025-16:10:09.565325,0.18,0.84,0.0,0.0,0.0,0.0,0.0,14.79,21.74,0.0,3.18,1.41,0.0,18.99,8.37,5.22,4.19,0.62,0.0,4.53,1.58,0.0,2.93,0.77,0.0,19.1,4.3,2.37,2.09,0.65,0.0,0.32,5.39,0.0,1.92,0.62
07/30/2025-16:10:10.012718,0.18,0.84,0.0,0.0,0.0,0.0,0.0,14.79,21.74,0.0,3.18,1.41,0.0,18.99,8.37,5.22,4.19,0.62,0.0,4.53,1.58,0.0,2.93,0.77,0.0,19.1,4.3,2.37,2.09,0.65,0.0,0.32,5.39,0.0,1.92,0.62
07/30/2025-16:10:10.448771,0.18,0.84,0.0,0.0,0.0,0.0,0.0,14.79,21.74,0.0,3.18,1.41,0.0,18.99,8.37,5.22,4.19,0.62,0.0,4.53,1.58,0.0,2.93,0.77,0.0,19.1,4.3,2.37,2.09,0.65,0.0,0.32,5.39,0.0,1.92,0.62
07/30/2025-16:10:10.920772,0.18,0.84,0.0,0.0,0.0,0.0,0.0,14.79,21.74,0.0,3.18,1.41,0.0,18.99,8.37,5.22,4.19,0.62,0.0,4.53,1.58,0.0,2.93,0.77,0.0,19.1,4.3,2.37,2.09,0.65,0.0,0.32,5.39,0.0,1.92,0.62
07/30/2025-16:10:11.365183,0.05,0.78,0.0,0.0,0.0,0.0,0.0,14.7,21.82,0.0,3.22,1.38,0.0,19.25,8.38,5.27,4.22,0.65,0.0,4.97,1.67,0.0,3.0,0.81,0.0,19.13,4.3,2.44,2.03,0.66,0.2,0.35,5.51,0.0,1.94,0.68
07/30/2025-16:10:11.807531,0.05,0.78,0.0,0.0,0.0,0.0,0.0,14.7,21.82,0.0,3.22,1.38,0.0,19.25,8.38,5.27,4.22,0.65,0.0,4.97,1.67,0.0,3.0,0.81,0.0,19.13,4.3,2.44,2.03,0.66,0.2,0.35,5.51,0.0,1.94,0.68
07/30/2025-16:10:12.312075,0.05,0.78,0.0,0.0,0.0,0.0,0.0,14.7,21.82,0.0,3.22,1.38,0.0,19.25,8.38,5.27,4.22,0.65,0.0,4.97,1.67,0.0,3.0,0.81,0.0,19.13,4.3,2.44,2.03,0.66,0.2,0.35,5.51,0.0,1.94,0.68
07/30/2025-16:10:12.755122,0.05,0.78,0.0,0.0,0.0,0.0,0.0,14.7,21.82,0.0,3.22,1.38,0.0,19.25,8.38,5.27,4.22,0.65,0.0,4.97,1.67,0.0,3.0,0.81,0.0,19.13,4.3,2.44,2.03,0.66,0.2,0.35,5.51,0.0,1.94,0.68
07/30/2025-16:10:13.234247,0.0,0.84,0.0,0.0,0.0,0.0,0.0,14.71,21.28,0.0,3.18,1.42,0.0,18.91,8.3,5.26,4.22,0.64,0.0,4.97,1.58,0.0,2.89,0.83,0.0,19.1,4.17,2.33,1.92,0.63,0.0,0.34,5.33,0.0,1.83,0.68
07/30/2025-16:10:13.697261,0.0,0.84,0.0,0.0,0.0,0.0,0.0,14.71,21.28,0.0,3.18,1.42,0.0,18.91,8.3,5.26,4.22,0.64,0.0,4.97,1.58,0.0,2.89,0.83,0.0,19.1,4.17,2.33,1.92,0.63,0.0,0.34,5.33,0.0,1.83,0.68
07/30/2025-16:10:14.173123,0.0,0.84,0.0,0.0,0.0,0.0,0.0,14.71,21.28,0.0,3.18,1.42,0.0,18.91,8.3,5.26,4.22,0.64,0.0,4.97,1.58,0.0,2.89,0.83,0.0,19.1,4.17,2.33,1.92,0.63,0.0,0.34,5.33,0.0,1.83,0.68
07/30/2025-16:10:14.661366,0.05,0.92,0.0,0.0,0.0,0.0,0.0,14.77,21.97,0.0,3.12,1.41,0.0,19.39,8.4,5.28,4.19,0.66,0.0,4.68,1.6,0.0,3.03,0.79,0.0,19.24,4.29,2.3,2.09,0.65,0.0,0.38,5.52,0.0,1.92,0.68
07/30/2025-16:10:15.096628,0.05,0.92,0.0,0.0,0.0,0.0,0.0,14.77,21.97,0.0,3.12,1.41,0.0,19.39,8.4,5.28,4.19,0.66,0.0,4.68,1.6,0.0,3.03,0.79,0.0,19.24,4.29,2.3,2.09,0.65,0.0,0.38,5.52,0.0,1.92,0.68
07/30/2025-16:10:15.550806,0.05,0.92,0.0,0.0,0.0,0.0,0.0,14.77,21.97,0.0,3.12,1.41,0.0,19.39,8.4,5.28,4.19,0.66,0.0,4.68,1.6,0.0,3.03,0.79,0.0,19.24,4.29,2.3,2.09,0.65,0.0,0.38,5.52,0.0,1.92,0.68
07/30/2025-16:10:16.027993,0.05,0.92,0.0,0.0,0.0,0.0,0.0,14.77,21.97,0.0,3.12,1.41,0.0,19.39,8.4,5.28,4.19,0.66,0.0,4.68,1.6,0.0,3.03,0.79,0.0,19.24,4.29,2.3,2.09,0.65,0.0,0.38,5.52,0.0,1.92,0.68
07/30/2025-16:10:16.552325,0.0,0.84,0.0,0.0,0.0,0.0,0.0,14.79,22.07,0.0,3.24,1.26,0.0,19.54,8.42,5.29,4.22,0.64,0.0,5.01,1.6,0.0,2.98,0.81,0.0,19.2,4.39,2.35,2.04,0.66,0.0,0.18,5.49,0.0,1.88,0.7
07/30/2025-16:10:17.014100,0.0,0.84,0.0,0.0,0.0,0.0,0.0,14.79,22.07,0.0,3.24,1.26,0.0,19.54,8.42,5.29,4.22,0.64,0.0,5.01,1.6,0.0,2.98,0.81,0.0,19.2,4.39,2.35,2.04,0.66,0.0,0.18,5.49,0.0,1.88,0.7
07/30/2025-16:10:17.504358,0.0,0.84,0.0,0.0,0.0,0.0,0.0,14.79,22.07,0.0,3.24,1.26,0.0,19.54,8.42,5.29,4.22,0.64,0.0,5.01,1.6,0.0,2.98,0.81,0.0,19.2,4.39,2.35,2.04,0.66,0.0,0.18,5.49,0.0,1.88,0.7
07/30/2025-16:10:17.965779,0.0,0.84,0.0,0.0,0.0,0.0,0.0,14.79,22.07,0.0,3.24,1.26,0.0,19.54,8.42,5.29,4.22,0.64,0.0,5.01,1.6,0.0,2.98,0.81,0.0,19.2,4.39,2.35,2.04,0.66,0.0,0.18,5.49,0.0,1.88,0.7
07/30/2025-16:10:18.436726,0.14,0.84,0.0,0.0,0.0,0.0,0.0,14.83,21.86,0.0,3.28,1.43,0.0,19.52,8.44,5.23,4.22,0.65,0.0,4.87,1.57,0.0,3.0,0.83,0.0,19.1,4.4,2.32,2.08,0.68,0.0,0.28,5.52,0.0,1.9,0.69
07/30/2025-16:10:18.917978,0.14,0.84,0.0,0.0,0.0,0.0,0.0,14.83,21.86,0.0,3.28,1.43,0.0,19.52,8.44,5.23,4.22,0.65,0.0,4.87,1.57,0.0,3.0,0.83,0.0,19.1,4.4,2.32,2.08,0.68,0.0,0.28,5.52,0.0,1.9,0.69
07/30/2025-16:10:19.348184,0.14,0.84,0.0,0.0,0.0,0.0,0.0,14.83,21.86,0.0,3.28,1.43,0.0,19.52,8.44,5.23,4.22,0.65,0.0,4.87,1.57,0.0,3.0,0.83,0.0,19.1,4.4,2.32,2.08,0.68,0.0,0.28,5.52,0.0,1.9,0.69
07/30/2025-16:10:19.814093,0.14,0.84,0.0,0.0,0.0,0.0,0.0,14.83,21.86,0.0,3.28,1.43,0.0,19.52,8.44,5.23,4.22,0.65,0.0,4.87,1.57,0.0,3.0,0.83,0.0,19.1,4.4,2.32,2.08,0.68,0.0,0.28,5.52,0.0,1.9,0.69
07/30/2025-16:10:20.253270,0.05,0.78,0.0,0.0,0.0,0.0,0.0,14.75,21.56,0.0,3.31,1.45,0.0,19.71,8.47,5.23,4.25,0.66,0.0,4.48,1.6,0.0,3.02,0.83,0.0,19.18,4.44,2.36,2.08,0.69,0.0,0.31,5.46,0.0,1.82,0.69
07/30/2025-16:10:20.688165,0.05,0.78,0.0,0.0,0.0,0.0,0.0,14.75,21.56,0.0,3.31,1.45,0.0,19.71,8.47,5.23,4.25,0.66,0.0,4.48,1.6,0.0,3.02,0.83,0.0,19.18,4.44,2.36,2.08,0.69,0.0,0.31,5.46,0.0,1.82,0.69
07/30/2025-16:10:21.191089,0.05,0.78,0.0,0.0,0.0,0.0,0.0,14.75,21.56,0.0,3.31,1.45,0.0,19.71,8.47,5.23,4.25,0.66,0.0,4.48,1.6,0.0,3.02,0.83,0.0,19.18,4.44,2.36,2.08,0.69,0.0,0.31,5.46,0.0,1.82,0.69
07/30/2025-16:10:21.679762,0.05,0.78,0.0,0.0,0.0,0.0,0.0,14.75,21.56,0.0,3.31,1.45,0.0,19.71,8.47,5.23,4.25,0.66,0.0,4.48,1.6,0.0,3.02,0.83,0.0,19.18,4.44,2.36,2.08,0.69,0.0,0.31,5.46,0.0,1.82,0.69
07/30/2025-16:10:22.224820,0.14,0.78,0.0,0.0,0.0,0.0,0.0,14.72,21.72,0.0,3.34,1.46,0.0,19.79,8.51,5.22,4.25,0.66,0.0,4.72,1.68,0.0,2.99,0.85,0.0,19.24,4.42,2.3,1.99,0.66,0.0,0.22,5.56,0.0,1.82,0.7
07/30/2025-16:10:22.778284,0.14,0.78,0.0,0.0,0.0,0.0,0.0,14.72,21.72,0.0,3.34,1.46,0.0,19.79,8.51,5.22,4.25,0.66,0.0,4.72,1.68,0.0,2.99,0.85,0.0,19.24,4.42,2.3,1.99,0.66,0.0,0.22,5.56,0.0,1.82,0.7
07/30/2025-16:10:23.303531,0.14,0.78,0.0,0.0,0.0,0.0,0.0,14.72,21.72,0.0,3.34,1.46,0.0,19.79,8.51,5.22,4.25,0.66,0.0,4.72,1.68,0.0,2.99,0.85,0.0,19.24,4.42,2.3,1.99,0.66,0.0,0.22,5.56,0.0,1.82,0.7
07/30/2025-16:10:23.736447,0.09,0.78,0.0,0.0,0.0,0.0,0.0,14.71,21.77,0.0,3.3,1.45,0.0,19.63,8.55,5.27,4.28,0.68,0.0,4.77,1.66,0.0,3.04,0.68,0.0,19.44,4.39,2.35,2.01,0.69,0.52,0.31,5.67,0.0,1.88,0.71
07/30/2025-16:10:24.192692,0.09,0.78,0.0,0.0,0.0,0.0,0.0,14.71,21.77,0.0,3.3,1.45,0.0,19.63,8.55,5.27,4.28,0.68,0.0,4.77,1.66,0.0,3.04,0.68,0.0,19.44,4.39,2.35,2.01,0.69,0.52,0.31,5.67,0.0,1.88,0.71
07/30/2025-16:10:24.684181,0.09,0.78,0.0,0.0,0.0,0.0,0.0,14.71,21.77,0.0,3.3,1.45,0.0,19.63,8.55,5.27,4.28,0.68,0.0,4.77,1.66,0.0,3.04,0.68,0.0,19.44,4.39,2.35,2.01,0.69,0.52,0.31,5.67,0.0,1.88,0.71
07/30/2025-16:10:25.128200,0.09,0.78,0.0,0.0,0.0,0.0,0.0,14.71,21.77,0.0,3.3,1.45,0.0,19.63,8.55,5.27,4.28,0.68,0.0,4.77,1.66,0.0,3.04,0.68,0.0,19.44,4.39,2.35,2.01,0.69,0.52,0.31,5.67,0.0,1.88,0.71
07/30/2025-16:10:25.589509,0.0,0.81,0.0,0.0,0.0,0.0,0.0,14.73,21.84,0.0,3.24,1.41,0.0,19.58,8.56,5.06,4.13,0.63,0.0,4.58,1.7,0.0,2.87,0.83,0.0,19.27,4.44,2.34,1.96,0.68,0.0,0.35,5.69,0.0,1.87,0.71
07/30/2025-16:10:26.082345,0.0,0.81,0.0,0.0,0.0,0.0,0.0,14.73,21.84,0.0,3.24,1.41,0.0,19.58,8.56,5.06,4.13,0.63,0.0,4.58,1.7,0.0,2.87,0.83,0.0,19.27,4.44,2.34,1.96,0.68,0.0,0.35,5.69,0.0,1.87,0.71
07/30/2025-16:10:26.547565,0.0,0.81,0.0,0.0,0.0,0.0,0.0,14.73,21.84,0.0,3.24,1.41,0.0,19.58,8.56,5.06,4.13,0.63,0.0,4.58,1.7,0.0,2.87,0.83,0.0,19.27,4.44,2.34,1.96,0.68,0.0,0.35,5.69,0.0,1.87,0.71
07/30/2025-16:10:27.082083,0.18,1.2,0.0,0.0,0.0,0.0,0.0,14.8,22.88,0.0,3.28,1.46,0.0,19.37,8.42,5.35,4.28,0.65,0.0,4.53,1.63,0.0,3.06,0.81,0.0,19.43,4.44,2.35,2.09,0.69,0.0,0.32,5.75,0.0,1.93,0.73
07/30/2025-16:10:27.568155,0.18,1.2,0.0,0.0,0.0,0.0,0.0,14.8,22.88,0.0,3.28,1.46,0.0,19.37,8.42,5.35,4.28,0.65,0.0,4.53,1.63,0.0,3.06,0.81,0.0,19.43,4.44,2.35,2.09,0.69,0.0,0.32,5.75,0.0,1.93,0.73
07/30/2025-16:10:28.043941,0.18,1.2,0.0,0.0,0.0,0.0,0.0,14.8,22.88,0.0,3.28,1.46,0.0,19.37,8.42,5.35,4.28,0.65,0.0,4.53,1.63,0.0,3.06,0.81,0.0,19.43,4.44,2.35,2.09,0.69,0.0,0.32,5.75,0.0,1.93,0.73
07/30/2025-16:10:28.661107,0.18,1.2,0.0,0.0,0.0,0.0,0.0,14.8,22.88,0.0,3.28,1.46,0.0,19.37,8.42,5.35,4.28,0.65,0.0,4.53,1.63,0.0,3.06,0.81,0.0,19.43,4.44,2.35,2.09,0.69,0.0,0.32,5.75,0.0,1.93,0.73
07/30/2025-16:10:29.126980,0.0,0.67,0.0,0.0,0.0,0.0,0.0,14.72,23.11,0.0,3.29,1.49,0.0,19.56,8.52,5.16,4.2,0.68,0.0,4.44,1.67,0.0,2.91,0.85,0.0,19.4,4.49,2.32,1.97,0.71,0.0,0.35,5.67,0.0,1.93,0.71
07/30/2025-16:10:29.595539,0.0,0.67,0.0,0.0,0.0,0.0,0.0,14.72,23.11,0.0,3.29,1.49,0.0,19.56,8.52,5.16,4.2,0.68,0.0,4.44,1.67,0.0,2.91,0.85,0.0,19.4,4.49,2.32,1.97,0.71,0.0,0.35,5.67,0.0,1.93,0.71
07/30/2025-16:10:30.076090,0.0,0.67,0.0,0.0,0.0,0.0,0.0,14.72,23.11,0.0,3.29,1.49,0.0,19.56,8.52,5.16,4.2,0.68,0.0,4.44,1.67,0.0,2.91,0.85,0.0,19.4,4.49,2.32,1.97,0.71,0.0,0.35,5.67,0.0,1.93,0.71
07/30/2025-16:10:30.565395,0.0,0.67,0.0,0.0,0.0,0.0,0.0,14.72,23.11,0.0,3.29,1.49,0.0,19.56,8.52,5.16,4.2,0.68,0.0,4.44,1.67,0.0,2.91,0.85,0.0,19.4,4.49,2.32,1.97,0.71,0.0,0.35,5.67,0.0,1.93,0.71
07/30/2025-16:10:31.016046,0.0,0.92,0.0,0.0,0.0,0.0,0.0,14.44,22.28,0.0,3.09,1.43,0.0,18.43,8.11,5.28,4.16,0.66,0.0,3.76,1.66,0.0,3.08,0.86,0.0,19.34,4.5,2.33,2.06,0.61,0.0,0.31,5.77,0.0,1.93,0.71
07/30/2025-16:10:31.511185,0.0,0.92,0.0,0.0,0.0,0.0,0.0,14.44,22.28,0.0,3.09,1.43,0.0,18.43,8.11,5.28,4.16,0.66,0.0,3.76,1.66,0.0,3.08,0.86,0.0,19.34,4.5,2.33,2.06,0.61,0.0,0.31,5.77,0.0,1.93,0.71
07/30/2025-16:10:31.961256,0.0,0.92,0.0,0.0,0.0,0.0,0.0,14.44,22.28,0.0,3.09,1.43,0.0,18.43,8.11,5.28,4.16,0.66,0.0,3.76,1.66,0.0,3.08,0.86,0.0,19.34,4.5,2.33,2.06,0.61,0.0,0.31,5.77,0.0,1.93,0.71
07/30/2025-16:10:32.458606,0.0,0.75,0.0,0.0,0.0,0.0,0.0,14.62,21.62,0.0,2.92,1.42,0.0,18.7,8.36,5.19,4.2,0.6,0.0,4.34,1.69,0.0,3.03,0.75,0.0,19.4,4.45,2.35,2.03,0.65,0.0,0.28,5.81,0.0,1.94,0.73
07/30/2025-16:10:32.896911,0.0,0.75,0.0,0.0,0.0,0.0,0.0,14.62,21.62,0.0,2.92,1.42,0.0,18.7,8.36,5.19,4.2,0.6,0.0,4.34,1.69,0.0,3.03,0.75,0.0,19.4,4.45,2.35,2.03,0.65,0.0,0.28,5.81,0.0,1.94,0.73
07/30/2025-16:10:33.364843,0.0,0.75,0.0,0.0,0.0,0.0,0.0,14.62,21.62,0.0,2.92,1.42,0.0,18.7,8.36,5.19,4.2,0.6,0.0,4.34,1.69,0.0,3.03,0.75,0.0,19.4,4.45,2.35,2.03,0.65,0.0,0.28,5.81,0.0,1.94,0.73
07/30/2025-16:10:33.829895,0.0,0.75,0.0,0.0,0.0,0.0,0.0,14.62,21.62,0.0,2.92,1.42,0.0,18.7,8.36,5.19,4.2,0.6,0.0,4.34,1.69,0.0,3.03,0.75,0.0,19.4,4.45,2.35,2.03,0.65,0.0,0.28,5.81,0.0,1.94,0.73
07/30/2025-16:10:34.278180,0.0,0.56,0.0,0.0,0.0,0.0,0.0,14.66,21.9,0.0,3.09,1.41,0.0,18.81,8.46,5.35,4.33,0.6,0.0,4.77,1.62,0.0,3.1,0.86,0.0,19.44,4.59,2.3,2.08,0.71,0.0,0.45,5.87,0.0,1.91,0.73
07/30/2025-16:10:34.777513,0.0,0.56,0.0,0.0,0.0,0.0,0.0,14.66,21.9,0.0,3.09,1.41,0.0,18.81,8.46,5.35,4.33,0.6,0.0,4.77,1.62,0.0,3.1,0.86,0.0,19.44,4.59,2.3,2.08,0.71,0.0,0.45,5.87,0.0,1.91,0.73
07/30/2025-16:10:35.312824,0.0,0.56,0.0,0.0,0.0,0.0,0.0,14.66,21.9,0.0,3.09,1.41,0.0,18.81,8.46,5.35,4.33,0.6,0.0,4.77,1.62,0.0,3.1,0.86,0.0,19.44,4.59,2.3,2.08,0.71,0.0,0.45,5.87,0.0,1.91,0.73
07/30/2025-16:10:35.740220,0.0,0.56,0.0,0.0,0.0,0.0,0.0,14.66,21.9,0.0,3.09,1.41,0.0,18.81,8.46,5.35,4.33,0.6,0.0,4.77,1.62,0.0,3.1,0.86,0.0,19.44,4.59,2.3,2.08,0.71,0.0,0.45,5.87,0.0,1.91,0.73
07/30/2025-16:10:36.217932,0.14,0.42,0.0,0.0,0.0,0.0,0.0,14.7,22.27,0.0,3.18,1.47,0.0,19.37,8.48,5.35,4.36,0.58,0.0,4.58,1.68,0.0,3.13,0.86,0.0,19.5,4.6,2.33,2.09,0.71,0.0,0.38,5.97,0.0,1.93,0.74
07/30/2025-16:10:38.411577,0.05,0.45,0.0,0.0,0.0,0.0,0.0,14.73,22.34,0.0,3.14,1.49,0.0,19.42,8.59,5.33,4.34,0.6,0.0,4.77,1.7,0.0,3.11,0.88,0.0,19.56,4.6,2.39,2.16,0.72,0.08,0.38,5.94,0.0,1.95,0.74
07/30/2025-16:10:39.045838,0.05,0.45,0.0,0.0,0.0,0.0,0.0,14.73,22.34,0.0,3.14,1.49,0.0,19.42,8.59,5.33,4.34,0.6,0.0,4.77,1.7,0.0,3.11,0.88,0.0,19.56,4.6,2.39,2.16,0.72,0.08,0.38,5.94,0.0,1.95,0.74
07/30/2025-16:10:39.511327,0.18,0.5,0.0,0.0,0.0,0.0,0.0,14.56,21.78,0.0,3.04,1.43,0.0,18.83,8.11,5.49,4.37,0.6,0.0,4.82,1.76,0.0,3.12,0.86,0.0,19.76,4.59,2.29,2.09,0.61,0.08,0.34,5.97,0.0,1.95,0.75
07/30/2025-16:10:40.045080,0.18,0.5,0.0,0.0,0.0,0.0,0.0,14.56,21.78,0.0,3.04,1.43,0.0,18.83,8.11,5.49,4.37,0.6,0.0,4.82,1.76,0.0,3.12,0.86,0.0,19.76,4.59,2.29,2.09,0.61,0.08,0.34,5.97,0.0,1.95,0.75
07/30/2025-16:10:40.489572,0.18,0.5,0.0,0.0,0.0,0.0,0.0,14.56,21.78,0.0,3.04,1.43,0.0,18.83,8.11,5.49,4.37,0.6,0.0,4.82,1.76,0.0,3.12,0.86,0.0,19.76,4.59,2.29,2.09,0.61,0.08,0.34,5.97,0.0,1.95,0.75
07/30/2025-16:10:41.015368,0.18,0.5,0.0,0.0,0.0,0.0,0.0,14.56,21.78,0.0,3.04,1.43,0.0,18.83,8.11,5.49,4.37,0.6,0.0,4.82,1.76,0.0,3.12,0.86,0.0,19.76,4.59,2.29,2.09,0.61,0.08,0.34,5.97,0.0,1.95,0.75
07/30/2025-16:10:41.621610,0.05,0.25,0.0,0.0,0.0,0.0,0.0,14.67,22.33,0.0,3.05,1.46,0.0,18.97,8.27,5.52,4.43,0.56,0.0,4.53,1.72,0.0,3.13,0.9,0.0,19.79,4.55,2.25,2.09,0.72,0.0,0.43,6.04,0.0,1.91,0.74
07/30/2025-16:10:42.109685,0.05,0.25,0.0,0.0,0.0,0.0,0.0,14.67,22.33,0.0,3.05,1.46,0.0,18.97,8.27,5.52,4.43,0.56,0.0,4.53,1.72,0.0,3.13,0.9,0.0,19.79,4.55,2.25,2.09,0.72,0.0,0.43,6.04,0.0,1.91,0.74
07/30/2025-16:10:42.586339,0.05,0.25,0.0,0.0,0.0,0.0,0.0,14.67,22.33,0.0,3.05,1.46,0.0,18.97,8.27,5.52,4.43,0.56,0.0,4.53,1.72,0.0,3.13,0.9,0.0,19.79,4.55,2.25,2.09,0.72,0.0,0.43,6.04,0.0,1.91,0.74
07/30/2025-16:10:43.159718,0.05,0.19,0.0,0.0,0.0,0.0,0.0,14.69,22.44,0.0,3.1,1.47,0.0,19.27,8.46,5.49,4.42,0.59,0.0,5.06,1.67,0.0,3.12,0.86,0.0,19.69,4.6,2.29,2.08,0.72,0.0,0.29,6.19,0.0,1.94,0.74
07/30/2025-16:10:43.591553,0.05,0.19,0.0,0.0,0.0,0.0,0.0,14.69,22.44,0.0,3.1,1.47,0.0,19.27,8.46,5.49,4.42,0.59,0.0,5.06,1.67,0.0,3.12,0.86,0.0,19.69,4.6,2.29,2.08,0.72,0.0,0.29,6.19,0.0,1.94,0.74
07/30/2025-16:10:44.072925,0.05,0.19,0.0,0.0,0.0,0.0,0.0,14.69,22.44,0.0,3.1,1.47,0.0,19.27,8.46,5.49,4.42,0.59,0.0,5.06,1.67,0.0,3.12,0.86,0.0,19.69,4.6,2.29,2.08,0.72,0.0,0.29,6.19,0.0,1.94,0.74
07/30/2025-16:10:44.558447,0.05,0.19,0.0,0.0,0.0,0.0,0.0,14.69,22.44,0.0,3.1,1.47,0.0,19.27,8.46,5.49,4.42,0.59,0.0,5.06,1.67,0.0,3.12,0.86,0.0,19.69,4.6,2.29,2.08,0.72,0.0,0.29,6.19,0.0,1.94,0.74
07/30/2025-16:10:45.128746,0.0,0.17,0.0,0.0,0.0,0.0,0.0,14.72,22.55,0.0,3.24,1.46,0.0,19.37,8.52,5.52,4.49,0.57,0.0,4.39,1.68,0.0,3.1,0.79,0.0,19.94,4.62,2.19,2.01,0.69,0.0,0.31,5.82,0.0,2.0,0.76
07/30/2025-16:10:45.572292,0.0,0.17,0.0,0.0,0.0,0.0,0.0,14.72,22.55,0.0,3.24,1.46,0.0,19.37,8.52,5.52,4.49,0.57,0.0,4.39,1.68,0.0,3.1,0.79,0.0,19.94,4.62,2.19,2.01,0.69,0.0,0.31,5.82,0.0,2.0,0.76
07/30/2025-16:10:46.270805,0.0,0.17,0.0,0.0,0.0,0.0,0.0,14.72,22.55,0.0,3.24,1.46,0.0,19.37,8.52,5.52,4.49,0.57,0.0,4.39,1.68,0.0,3.1,0.79,0.0,19.94,4.62,2.19,2.01,0.69,0.0,0.31,5.82,0.0,2.0,0.76
07/30/2025-16:10:46.954268,0.27,0.7,0.0,0.0,0.0,0.0,0.0,14.79,22.41,0.0,2.89,1.43,0.0,18.87,8.53,5.2,3.9,0.58,0.0,4.34,1.58,0.0,2.88,0.88,0.0,20.76,4.42,1.94,1.8,0.74,0.0,0.45,5.54,0.0,1.91,0.77
07/30/2025-16:10:47.394158,0.27,0.7,0.0,0.0,0.0,0.0,0.0,14.79,22.41,0.0,2.89,1.43,0.0,18.87,8.53,5.2,3.9,0.58,0.0,4.34,1.58,0.0,2.88,0.88,0.0,20.76,4.42,1.94,1.8,0.74,0.0,0.45,5.54,0.0,1.91,0.77
07/30/2025-16:10:47.912303,0.27,0.7,0.0,0.0,0.0,0.0,0.0,14.79,22.41,0.0,2.89,1.43,0.0,18.87,8.53,5.2,3.9,0.58,0.0,4.34,1.58,0.0,2.88,0.88,0.0,20.76,4.42,1.94,1.8,0.74,0.0,0.45,5.54,0.0,1.91,0.77
07/30/2025-16:10:48.442433,0.0,0.31,0.0,0.0,0.0,0.0,0.0,14.87,22.58,0.0,3.05,1.42,0.0,18.05,8.27,5.51,4.31,0.57,0.0,4.19,1.58,0.0,3.1,0.88,0.0,19.59,4.6,2.34,2.06,0.74,0.0,0.48,5.46,0.0,1.99,0.77
07/30/2025-16:10:48.869316,0.0,0.31,0.0,0.0,0.0,0.0,0.0,14.87,22.58,0.0,3.05,1.42,0.0,18.05,8.27,5.51,4.31,0.57,0.0,4.19,1.58,0.0,3.1,0.88,0.0,19.59,4.6,2.34,2.06,0.74,0.0,0.48,5.46,0.0,1.99,0.77
07/30/2025-16:10:49.351857,0.0,0.31,0.0,0.0,0.0,0.0,0.0,14.87,22.58,0.0,3.05,1.42,0.0,18.05,8.27,5.51,4.31,0.57,0.0,4.19,1.58,0.0,3.1,0.88,0.0,19.59,4.6,2.34,2.06,0.74,0.0,0.48,5.46,0.0,1.99,0.77
07/30/2025-16:10:49.821466,0.0,0.31,0.0,0.0,0.0,0.0,0.0,14.87,22.58,0.0,3.05,1.42,0.0,18.05,8.27,5.51,4.31,0.57,0.0,4.19,1.58,0.0,3.1,0.88,0.0,19.59,4.6,2.34,2.06,0.74,0.0,0.48,5.46,0.0,1.99,0.77
07/30/2025-16:10:50.374947,0.18,0.14,0.0,0.0,0.0,0.0,0.0,14.86,22.67,0.0,3.18,1.42,0.0,18.2,8.38,5.54,4.45,0.59,0.0,4.72,1.64,0.0,3.17,0.94,0.0,19.5,4.72,2.24,2.09,0.75,0.0,0.4,5.72,0.0,1.95,0.77
07/30/2025-16:10:50.937955,0.18,0.14,0.0,0.0,0.0,0.0,0.0,14.86,22.67,0.0,3.18,1.42,0.0,18.2,8.38,5.54,4.45,0.59,0.0,4.72,1.64,0.0,3.17,0.94,0.0,19.5,4.72,2.24,2.09,0.75,0.0,0.4,5.72,0.0,1.95,0.77
07/30/2025-16:10:51.393379,0.18,0.14,0.0,0.0,0.0,0.0,0.0,14.86,22.67,0.0,3.18,1.42,0.0,18.2,8.38,5.54,4.45,0.59,0.0,4.72,1.64,0.0,3.17,0.94,0.0,19.5,4.72,2.24,2.09,0.75,0.0,0.4,5.72,0.0,1.95,0.77
07/30/2025-16:10:51.859165,0.18,0.14,0.0,0.0,0.0,0.0,0.0,14.86,22.67,0.0,3.18,1.42,0.0,18.2,8.38,5.54,4.45,0.59,0.0,4.72,1.64,0.0,3.17,0.94,0.0,19.5,4.72,2.24,2.09,0.75,0.0,0.4,5.72,0.0,1.95,0.77
07/30/2025-16:10:52.382638,0.32,0.17,0.0,0.0,0.0,0.0,0.0,14.78,23.07,0.0,3.26,1.53,0.0,18.51,8.47,5.54,4.5,0.6,0.0,4.77,1.66,0.0,3.2,0.92,0.0,19.57,4.68,2.3,2.08,0.74,0.0,0.45,5.8,0.0,2.07,0.77
07/30/2025-16:10:52.821564,0.32,0.17,0.0,0.0,0.0,0.0,0.0,14.78,23.07,0.0,3.26,1.53,0.0,18.51,8.47,5.54,4.5,0.6,0.0,4.77,1.66,0.0,3.2,0.92,0.0,19.57,4.68,2.3,2.08,0.74,0.0,0.45,5.8,0.0,2.07,0.77
07/30/2025-16:10:53.340443,0.32,0.17,0.0,0.0,0.0,0.0,0.0,14.78,23.07,0.0,3.26,1.53,0.0,18.51,8.47,5.54,4.5,0.6,0.0,4.77,1.66,0.0,3.2,0.92,0.0,19.57,4.68,2.3,2.08,0.74,0.0,0.45,5.8,0.0,2.07,0.77
07/30/2025-16:10:53.781030,0.05,0.03,0.0,0.0,0.0,0.0,0.0,14.81,23.12,0.0,3.18,1.5,0.0,18.36,8.39,5.57,4.51,0.57,0.0,4.77,1.6,0.0,3.14,0.92,0.0,19.73,4.68,2.34,2.08,0.74,0.0,0.37,5.93,0.0,2.01,0.77
07/30/2025-16:10:54.336815,0.05,0.03,0.0,0.0,0.0,0.0,0.0,14.81,23.12,0.0,3.18,1.5,0.0,18.36,8.39,5.57,4.51,0.57,0.0,4.77,1.6,0.0,3.14,0.92,0.0,19.73,4.68,2.34,2.08,0.74,0.0,0.37,5.93,0.0,2.01,0.77
07/30/2025-16:10:54.809603,0.05,0.03,0.0,0.0,0.0,0.0,0.0,14.81,23.12,0.0,3.18,1.5,0.0,18.36,8.39,5.57,4.51,0.57,0.0,4.77,1.6,0.0,3.14,0.92,0.0,19.73,4.68,2.34,2.08,0.74,0.0,0.37,5.93,0.0,2.01,0.77
07/30/2025-16:10:55.234382,0.05,0.03,0.0,0.0,0.0,0.0,0.0,14.81,23.12,0.0,3.18,1.5,0.0,18.36,8.39,5.57,4.51,0.57,0.0,4.77,1.6,0.0,3.14,0.92,0.0,19.73,4.68,2.34,2.08,0.74,0.0,0.37,5.93,0.0,2.01,0.77
07/30/2025-16:10:55.652872,0.18,0.0,0.0,0.0,0.0,0.0,0.0,14.94,23.24,0.0,3.24,1.5,0.0,18.55,8.43,5.59,4.55,0.6,0.0,4.77,1.54,0.0,3.14,0.88,0.0,19.69,4.72,2.3,2.11,0.69,0.0,0.46,6.03,0.0,2.02,0.78
07/30/2025-16:10:56.118474,0.18,0.0,0.0,0.0,0.0,0.0,0.0,14.94,23.24,0.0,3.24,1.5,0.0,18.55,8.43,5.59,4.55,0.6,0.0,4.77,1.54,0.0,3.14,0.88,0.0,19.69,4.72,2.3,2.11,0.69,0.0,0.46,6.03,0.0,2.02,0.78
07/30/2025-16:10:56.610358,0.18,0.0,0.0,0.0,0.0,0.0,0.0,14.94,23.24,0.0,3.24,1.5,0.0,18.55,8.43,5.59,4.55,0.6,0.0,4.77,1.54,0.0,3.14,0.88,0.0,19.69,4.72,2.3,2.11,0.69,0.0,0.46,6.03,0.0,2.02,0.78
07/30/2025-16:10:57.045494,0.18,0.0,0.0,0.0,0.0,0.0,0.0,14.94,23.24,0.0,3.24,1.5,0.0,18.55,8.43,5.59,4.55,0.6,0.0,4.77,1.54,0.0,3.14,0.88,0.0,19.69,4.72,2.3,2.11,0.69,0.0,0.46,6.03,0.0,2.02,0.78
07/30/2025-16:10:57.477375,0.05,0.0,0.0,0.0,0.0,0.0,0.0,14.95,23.56,0.0,3.09,1.56,0.0,18.57,8.43,5.59,4.55,0.6,0.0,4.63,1.6,0.0,3.14,0.86,0.0,19.76,4.7,2.35,2.04,0.77,0.0,0.43,6.1,0.0,2.11,0.74
07/30/2025-16:10:57.967300,0.05,0.0,0.0,0.0,0.0,0.0,0.0,14.95,23.56,0.0,3.09,1.56,0.0,18.57,8.43,5.59,4.55,0.6,0.0,4.63,1.6,0.0,3.14,0.86,0.0,19.76,4.7,2.35,2.04,0.77,0.0,0.43,6.1,0.0,2.11,0.74
07/30/2025-16:10:58.453987,0.05,0.0,0.0,0.0,0.0,0.0,0.0,14.95,23.56,0.0,3.09,1.56,0.0,18.57,8.43,5.59,4.55,0.6,0.0,4.63,1.6,0.0,3.14,0.86,0.0,19.76,4.7,2.35,2.04,0.77,0.0,0.43,6.1,0.0,2.11,0.74
07/30/2025-16:10:59.055933,0.05,0.0,0.0,0.0,0.0,0.0,0.0,14.88,23.63,0.0,3.23,1.58,0.0,18.97,8.47,5.6,4.58,0.57,0.0,4.77,1.6,0.0,3.16,0.96,0.0,19.75,4.7,2.32,2.11,0.74,0.18,0.43,6.06,0.0,2.11,0.79
07/30/2025-16:10:59.551044,0.05,0.0,0.0,0.0,0.0,0.0,0.0,14.88,23.63,0.0,3.23,1.58,0.0,18.97,8.47,5.6,4.58,0.57,0.0,4.77,1.6,0.0,3.16,0.96,0.0,19.75,4.7,2.32,2.11,0.74,0.18,0.43,6.06,0.0,2.11,0.79
07/30/2025-16:10:59.990600,0.05,0.0,0.0,0.0,0.0,0.0,0.0,14.88,23.63,0.0,3.23,1.58,0.0,18.97,8.47,5.6,4.58,0.57,0.0,4.77,1.6,0.0,3.16,0.96,0.0,19.75,4.7,2.32,2.11,0.74,0.18,0.43,6.06,0.0,2.11,0.79
07/30/2025-16:11:00.418447,0.05,0.0,0.0,0.0,0.0,0.0,0.0,14.88,23.63,0.0,3.23,1.58,0.0,18.97,8.47,5.6,4.58,0.57,0.0,4.77,1.6,0.0,3.16,0.96,0.0,19.75,4.7,2.32,2.11,0.74,0.18,0.43,6.06,0.0,2.11,0.79
07/30/2025-16:11:00.849772,0.14,0.0,0.0,0.0,0.0,0.0,0.0,14.9,23.71,0.0,3.33,1.47,0.0,18.74,8.47,5.66,4.59,0.59,0.0,4.87,1.56,0.0,3.16,0.94,0.0,19.74,4.54,2.35,2.11,0.78,0.41,0.4,6.14,0.0,2.11,0.78
07/30/2025-16:11:01.276256,0.14,0.0,0.0,0.0,0.0,0.0,0.0,14.9,23.71,0.0,3.33,1.47,0.0,18.74,8.47,5.66,4.59,0.59,0.0,4.87,1.56,0.0,3.16,0.94,0.0,19.74,4.54,2.35,2.11,0.78,0.41,0.4,6.14,0.0,2.11,0.78
07/30/2025-16:11:01.730513,0.14,0.0,0.0,0.0,0.0,0.0,0.0,14.9,23.71,0.0,3.33,1.47,0.0,18.74,8.47,5.66,4.59,0.59,0.0,4.87,1.56,0.0,3.16,0.94,0.0,19.74,4.54,2.35,2.11,0.78,0.41,0.4,6.14,0.0,2.11,0.78
07/30/2025-16:11:02.166053,0.14,0.0,0.0,0.0,0.0,0.0,0.0,14.9,23.71,0.0,3.33,1.47,0.0,18.74,8.47,5.66,4.59,0.59,0.0,4.87,1.56,0.0,3.16,0.94,0.0,19.74,4.54,2.35,2.11,0.78,0.41,0.4,6.14,0.0,2.11,0.78
07/30/2025-16:11:02.613443,0.14,0.0,0.0,0.0,0.0,0.0,0.0,14.9,23.71,0.0,3.33,1.47,0.0,18.74,8.47,5.66,4.59,0.59,0.0,4.87,1.56,0.0,3.16,0.94,0.0,19.74,4.54,2.35,2.11,0.78,0.41,0.4,6.14,0.0,2.11,0.78
07/30/2025-16:11:03.028061,0.18,0.0,0.0,0.0,0.0,0.0,0.0,15.08,23.69,0.0,3.3,1.53,0.0,18.57,8.47,5.67,4.6,0.56,0.0,4.82,1.55,0.0,3.17,1.0,0.0,19.75,4.65,2.34,2.03,0.77,0.42,0.49,6.22,0.0,2.09,0.75
07/30/2025-16:11:03.480579,0.18,0.0,0.0,0.0,0.0,0.0,0.0,15.08,23.69,0.0,3.3,1.53,0.0,18.57,8.47,5.67,4.6,0.56,0.0,4.82,1.55,0.0,3.17,1.0,0.0,19.75,4.65,2.34,2.03,0.77,0.42,0.49,6.22,0.0,2.09,0.75
07/30/2025-16:11:04.117360,0.18,0.0,0.0,0.0,0.0,0.0,0.0,15.08,23.69,0.0,3.3,1.53,0.0,18.57,8.47,5.67,4.6,0.56,0.0,4.82,1.55,0.0,3.17,1.0,0.0,19.75,4.65,2.34,2.03,0.77,0.42,0.49,6.22,0.0,2.09,0.75
07/30/2025-16:11:04.584521,0.32,0.0,0.0,0.0,0.0,0.0,0.0,15.15,23.67,0.0,3.33,1.52,0.0,18.76,8.53,5.69,4.6,0.55,0.0,4.82,1.56,0.0,3.17,0.88,0.0,19.82,4.73,2.3,2.09,0.78,0.68,0.42,6.23,0.0,2.14,0.81
07/30/2025-16:11:04.986224,0.32,0.0,0.0,0.0,0.0,0.0,0.0,15.15,23.67,0.0,3.33,1.52,0.0,18.76,8.53,5.69,4.6,0.55,0.0,4.82,1.56,0.0,3.17,0.88,0.0,19.82,4.73,2.3,2.09,0.78,0.68,0.42,6.23,0.0,2.14,0.81
07/30/2025-16:11:05.463525,0.32,0.0,0.0,0.0,0.0,0.0,0.0,15.15,23.67,0.0,3.33,1.52,0.0,18.76,8.53,5.69,4.6,0.55,0.0,4.82,1.56,0.0,3.17,0.88,0.0,19.82,4.73,2.3,2.09,0.78,0.68,0.42,6.23,0.0,2.14,0.81
07/30/2025-16:11:05.900349,0.32,0.0,0.0,0.0,0.0,0.0,0.0,15.15,23.67,0.0,3.33,1.52,0.0,18.76,8.53,5.69,4.6,0.55,0.0,4.82,1.56,0.0,3.17,0.88,0.0,19.82,4.73,2.3,2.09,0.78,0.68,0.42,6.23,0.0,2.14,0.81
07/30/2025-16:11:06.427276,0.18,0.0,0.0,0.0,0.0,0.0,0.0,15.26,23.68,0.0,3.37,1.47,0.0,18.81,8.59,5.69,4.61,0.6,0.0,4.68,1.6,0.0,3.17,0.98,0.0,19.79,4.73,2.37,2.11,0.77,0.89,0.35,6.35,0.0,2.19,0.81
07/30/2025-16:11:06.834855,0.18,0.0,0.0,0.0,0.0,0.0,0.0,15.26,23.68,0.0,3.37,1.47,0.0,18.81,8.59,5.69,4.61,0.6,0.0,4.68,1.6,0.0,3.17,0.98,0.0,19.79,4.73,2.37,2.11,0.77,0.89,0.35,6.35,0.0,2.19,0.81
07/30/2025-16:11:07.297119,0.18,0.0,0.0,0.0,0.0,0.0,0.0,15.26,23.68,0.0,3.37,1.47,0.0,18.81,8.59,5.69,4.61,0.6,0.0,4.68,1.6,0.0,3.17,0.98,0.0,19.79,4.73,2.37,2.11,0.77,0.89,0.35,6.35,0.0,2.19,0.81
07/30/2025-16:11:07.709460,0.18,0.0,0.0,0.0,0.0,0.0,0.0,15.26,23.68,0.0,3.37,1.47,0.0,18.81,8.59,5.69,4.61,0.6,0.0,4.68,1.6,0.0,3.17,0.98,0.0,19.79,4.73,2.37,2.11,0.77,0.89,0.35,6.35,0.0,2.19,0.81
07/30/2025-16:11:08.125652,0.32,0.0,0.0,0.0,0.0,0.0,0.0,15.23,23.69,0.0,3.43,1.39,0.0,18.99,8.59,5.7,4.63,0.6,0.0,4.77,1.56,0.0,3.18,0.98,0.0,19.76,4.83,2.35,2.11,0.77,0.96,0.51,6.24,0.0,2.19,0.81
07/30/2025-16:11:08.689052,0.32,0.0,0.0,0.0,0.0,0.0,0.0,15.23,23.69,0.0,3.43,1.39,0.0,18.99,8.59,5.7,4.63,0.6,0.0,4.77,1.56,0.0,3.18,0.98,0.0,19.76,4.83,2.35,2.11,0.77,0.96,0.51,6.24,0.0,2.19,0.81
07/30/2025-16:11:09.112829,0.32,0.0,0.0,0.0,0.0,0.0,0.0,15.23,23.69,0.0,3.43,1.39,0.0,18.99,8.59,5.7,4.63,0.6,0.0,4.77,1.56,0.0,3.18,0.98,0.0,19.76,4.83,2.35,2.11,0.77,0.96,0.51,6.24,0.0,2.19,0.81
07/30/2025-16:11:09.577954,0.32,0.0,0.0,0.0,0.0,0.0,0.0,15.23,23.69,0.0,3.43,1.39,0.0,18.99,8.59,5.7,4.63,0.6,0.0,4.77,1.56,0.0,3.18,0.98,0.0,19.76,4.83,2.35,2.11,0.77,0.96,0.51,6.24,0.0,2.19,0.81
07/30/2025-16:11:10.015852,0.05,0.0,0.0,0.0,0.0,0.0,0.0,15.33,23.72,0.0,3.36,1.54,0.0,19.31,8.61,5.67,4.64,0.62,0.0,4.82,1.52,0.0,3.16,1.0,0.0,19.76,4.78,2.44,2.11,0.78,1.0,0.43,6.4,0.0,2.21,0.8
07/30/2025-16:11:10.442615,0.05,0.0,0.0,0.0,0.0,0.0,0.0,15.33,23.72,0.0,3.36,1.54,0.0,19.31,8.61,5.67,4.64,0.62,0.0,4.82,1.52,0.0,3.16,1.0,0.0,19.76,4.78,2.44,2.11,0.78,1.0,0.43,6.4,0.0,2.21,0.8
07/30/2025-16:11:10.882142,0.05,0.0,0.0,0.0,0.0,0.0,0.0,15.33,23.72,0.0,3.36,1.54,0.0,19.31,8.61,5.67,4.64,0.62,0.0,4.82,1.52,0.0,3.16,1.0,0.0,19.76,4.78,2.44,2.11,0.78,1.0,0.43,6.4,0.0,2.21,0.8
07/30/2025-16:11:11.299363,0.05,0.0,0.0,0.0,0.0,0.0,0.0,15.33,23.72,0.0,3.36,1.54,0.0,19.31,8.61,5.67,4.64,0.62,0.0,4.82,1.52,0.0,3.16,1.0,0.0,19.76,4.78,2.44,2.11,0.78,1.0,0.43,6.4,0.0,2.21,0.8
07/30/2025-16:11:11.753149,0.05,0.0,0.0,0.0,0.0,0.0,0.0,15.42,23.74,0.0,3.26,1.52,0.0,19.04,8.64,5.71,4.68,0.6,0.0,4.97,1.55,0.0,3.17,0.98,0.0,19.81,4.83,2.45,2.08,0.75,1.19,0.46,6.32,0.0,2.17,0.79
07/30/2025-16:11:12.216236,0.05,0.0,0.0,0.0,0.0,0.0,0.0,15.42,23.74,0.0,3.26,1.52,0.0,19.04,8.64,5.71,4.68,0.6,0.0,4.97,1.55,0.0,3.17,0.98,0.0,19.81,4.83,2.45,2.08,0.75,1.19,0.46,6.32,0.0,2.17,0.79
07/30/2025-16:11:12.781872,0.05,0.0,0.0,0.0,0.0,0.0,0.0,15.42,23.74,0.0,3.26,1.52,0.0,19.04,8.64,5.71,4.68,0.6,0.0,4.97,1.55,0.0,3.17,0.98,0.0,19.81,4.83,2.45,2.08,0.75,1.19,0.46,6.32,0.0,2.17,0.79
07/30/2025-16:11:13.307728,0.05,0.0,0.0,0.0,0.0,0.0,0.0,15.42,23.74,0.0,3.26,1.52,0.0,19.04,8.64,5.71,4.68,0.6,0.0,4.97,1.55,0.0,3.17,0.98,0.0,19.81,4.83,2.45,2.08,0.75,1.19,0.46,6.32,0.0,2.17,0.79
07/30/2025-16:11:13.746676,0.05,0.0,0.0,0.0,0.0,0.0,0.0,15.35,23.69,0.0,3.28,1.52,0.0,19.25,8.66,5.72,4.66,0.6,0.0,5.16,1.52,0.0,3.18,0.9,0.0,19.75,4.88,2.42,2.11,0.8,1.2,0.52,6.48,0.0,2.2,0.8
07/30/2025-16:11:14.157725,0.05,0.0,0.0,0.0,0.0,0.0,0.0,15.35,23.69,0.0,3.28,1.52,0.0,19.25,8.66,5.72,4.66,0.6,0.0,5.16,1.52,0.0,3.18,0.9,0.0,19.75,4.88,2.42,2.11,0.8,1.2,0.52,6.48,0.0,2.2,0.8
07/30/2025-16:11:14.695730,0.05,0.0,0.0,0.0,0.0,0.0,0.0,15.35,23.69,0.0,3.28,1.52,0.0,19.25,8.66,5.72,4.66,0.6,0.0,5.16,1.52,0.0,3.18,0.9,0.0,19.75,4.88,2.42,2.11,0.8,1.2,0.52,6.48,0.0,2.2,0.8
07/30/2025-16:11:15.169001,0.09,0.0,0.0,0.0,0.0,0.0,0.0,15.42,23.69,0.0,3.32,1.53,0.0,19.27,8.66,5.72,4.66,0.56,0.0,5.69,1.51,0.0,3.18,1.0,0.0,19.91,4.87,2.45,2.08,0.72,0.81,0.45,6.49,0.0,2.27,0.83
07/30/2025-16:11:15.628642,0.09,0.0,0.0,0.0,0.0,0.0,0.0,15.42,23.69,0.0,3.32,1.53,0.0,19.27,8.66,5.72,4.66,0.56,0.0,5.69,1.51,0.0,3.18,1.0,0.0,19.91,4.87,2.45,2.08,0.72,0.81,0.45,6.49,0.0,2.27,0.83
07/30/2025-16:11:16.120235,0.09,0.0,0.0,0.0,0.0,0.0,0.0,15.42,23.69,0.0,3.32,1.53,0.0,19.27,8.66,5.72,4.66,0.56,0.0,5.69,1.51,0.0,3.18,1.0,0.0,19.91,4.87,2.45,2.08,0.72,0.81,0.45,6.49,0.0,2.27,0.83
07/30/2025-16:11:16.602818,0.09,0.0,0.0,0.0,0.0,0.0,0.0,15.42,23.69,0.0,3.32,1.53,0.0,19.27,8.66,5.72,4.66,0.56,0.0,5.69,1.51,0.0,3.18,1.0,0.0,19.91,4.87,2.45,2.08,0.72,0.81,0.45,6.49,0.0,2.27,0.83
07/30/2025-16:11:17.131592,0.09,0.0,0.0,0.0,0.0,0.0,0.0,15.31,23.72,0.0,3.33,1.52,0.0,19.08,8.66,5.72,4.7,0.59,0.0,5.93,1.51,0.0,3.19,1.01,0.0,19.99,4.83,2.51,2.09,0.78,0.3,0.32,6.56,0.0,2.26,0.83
07/30/2025-16:11:17.727902,0.09,0.0,0.0,0.0,0.0,0.0,0.0,15.31,23.72,0.0,3.33,1.52,0.0,19.08,8.66,5.72,4.7,0.59,0.0,5.93,1.51,0.0,3.19,1.01,0.0,19.99,4.83,2.51,2.09,0.78,0.3,0.32,6.56,0.0,2.26,0.83
07/30/2025-16:11:18.305227,0.09,0.0,0.0,0.0,0.0,0.0,0.0,15.31,23.72,0.0,3.33,1.52,0.0,19.08,8.66,5.72,4.7,0.59,0.0,5.93,1.51,0.0,3.19,1.01,0.0,19.99,4.83,2.51,2.09,0.78,0.3,0.32,6.56,0.0,2.26,0.83
07/30/2025-16:11:18.783950,0.23,0.0,0.0,0.0,0.0,0.0,0.0,15.26,23.66,0.0,3.31,1.54,0.0,19.37,8.66,5.71,4.7,0.62,0.0,6.32,1.58,0.0,3.19,1.0,0.0,20.0,4.88,2.45,2.11,0.81,0.48,0.46,6.56,0.0,2.3,0.84
07/30/2025-16:11:19.590237,0.23,0.0,0.0,0.0,0.0,0.0,0.0,15.26,23.66,0.0,3.31,1.54,0.0,19.37,8.66,5.71,4.7,0.62,0.0,6.32,1.58,0.0,3.19,1.0,0.0,20.0,4.88,2.45,2.11,0.81,0.48,0.46,6.56,0.0,2.3,0.84
07/30/2025-16:11:20.037625,0.23,0.0,0.0,0.0,0.0,0.0,0.0,15.26,23.66,0.0,3.31,1.54,0.0,19.37,8.66,5.71,4.7,0.62,0.0,6.32,1.58,0.0,3.19,1.0,0.0,20.0,4.88,2.45,2.11,0.81,0.48,0.46,6.56,0.0,2.3,0.84
07/30/2025-16:11:20.468700,0.14,0.0,0.0,0.0,0.0,0.0,0.0,15.41,23.65,0.0,3.43,1.56,0.0,19.46,8.66,5.75,4.73,0.54,0.0,6.22,1.57,0.0,3.18,1.03,0.0,19.93,4.93,2.48,2.14,0.81,0.76,0.46,6.58,0.0,2.27,0.84
07/30/2025-16:11:20.917474,0.14,0.0,0.0,0.0,0.0,0.0,0.0,15.41,23.65,0.0,3.43,1.56,0.0,19.46,8.66,5.75,4.73,0.54,0.0,6.22,1.57,0.0,3.18,1.03,0.0,19.93,4.93,2.48,2.14,0.81,0.76,0.46,6.58,0.0,2.27,0.84
07/30/2025-16:11:21.356532,0.14,0.0,0.0,0.0,0.0,0.0,0.0,15.41,23.65,0.0,3.43,1.56,0.0,19.46,8.66,5.75,4.73,0.54,0.0,6.22,1.57,0.0,3.18,1.03,0.0,19.93,4.93,2.48,2.14,0.81,0.76,0.46,6.58,0.0,2.27,0.84
07/30/2025-16:11:21.882786,0.14,0.0,0.0,0.0,0.0,0.0,0.0,15.41,23.65,0.0,3.43,1.56,0.0,19.46,8.66,5.75,4.73,0.54,0.0,6.22,1.57,0.0,3.18,1.03,0.0,19.93,4.93,2.48,2.14,0.81,0.76,0.46,6.58,0.0,2.27,0.84
07/30/2025-16:11:22.319519,0.41,0.0,0.0,0.0,0.0,0.0,0.0,15.18,23.61,0.0,3.31,1.6,0.0,19.33,8.62,5.77,4.69,0.56,0.0,5.21,1.62,0.0,3.19,1.0,0.0,19.85,4.9,2.45,2.14,0.83,0.36,0.48,6.59,0.0,2.25,0.84
07/30/2025-16:11:22.795328,0.41,0.0,0.0,0.0,0.0,0.0,0.0,15.18,23.61,0.0,3.31,1.6,0.0,19.33,8.62,5.77,4.69,0.56,0.0,5.21,1.62,0.0,3.19,1.0,0.0,19.85,4.9,2.45,2.14,0.83,0.36,0.48,6.59,0.0,2.25,0.84
07/30/2025-16:11:23.234043,0.41,0.0,0.0,0.0,0.0,0.0,0.0,15.18,23.61,0.0,3.31,1.6,0.0,19.33,8.62,5.77,4.69,0.56,0.0,5.21,1.62,0.0,3.19,1.0,0.0,19.85,4.9,2.45,2.14,0.83,0.36,0.48,6.59,0.0,2.25,0.84
07/30/2025-16:11:23.714920,0.41,0.0,0.0,0.0,0.0,0.0,0.0,15.18,23.61,0.0,3.31,1.6,0.0,19.33,8.62,5.77,4.69,0.56,0.0,5.21,1.62,0.0,3.19,1.0,0.0,19.85,4.9,2.45,2.14,0.83,0.36,0.48,6.59,0.0,2.25,0.84
07/30/2025-16:11:24.182742,0.0,0.0,0.0,0.0,0.0,0.0,0.0,15.4,23.72,0.0,3.39,1.54,0.0,19.56,8.69,5.71,4.73,0.59,0.0,5.25,1.6,0.0,3.2,1.01,0.0,19.85,4.87,2.41,2.08,0.81,0.34,0.43,6.53,0.0,2.22,0.83
07/30/2025-16:11:24.615188,0.0,0.0,0.0,0.0,0.0,0.0,0.0,15.4,23.72,0.0,3.39,1.54,0.0,19.56,8.69,5.71,4.73,0.59,0.0,5.25,1.6,0.0,3.2,1.01,0.0,19.85,4.87,2.41,2.08,0.81,0.34,0.43,6.53,0.0,2.22,0.83
07/30/2025-16:11:25.090101,0.0,0.0,0.0,0.0,0.0,0.0,0.0,15.4,23.72,0.0,3.39,1.54,0.0,19.56,8.69,5.71,4.73,0.59,0.0,5.25,1.6,0.0,3.2,1.01,0.0,19.85,4.87,2.41,2.08,0.81,0.34,0.43,6.53,0.0,2.22,0.83
07/30/2025-16:11:25.529068,0.0,0.0,0.0,0.0,0.0,0.0,0.0,15.4,23.72,0.0,3.39,1.54,0.0,19.56,8.69,5.71,4.73,0.59,0.0,5.25,1.6,0.0,3.2,1.01,0.0,19.85,4.87,2.41,2.08,0.81,0.34,0.43,6.53,0.0,2.22,0.83
07/30/2025-16:11:26.028518,0.05,0.0,0.0,0.0,0.0,0.0,0.0,15.42,23.72,0.0,3.42,1.56,0.0,19.71,8.73,5.72,4.73,0.56,0.0,5.69,1.56,0.0,3.2,1.01,0.0,19.86,4.88,2.43,2.13,0.81,0.19,0.45,6.62,0.0,2.3,0.81
07/30/2025-16:11:26.459940,0.05,0.0,0.0,0.0,0.0,0.0,0.0,15.42,23.72,0.0,3.42,1.56,0.0,19.71,8.73,5.72,4.73,0.56,0.0,5.69,1.56,0.0,3.2,1.01,0.0,19.86,4.88,2.43,2.13,0.81,0.19,0.45,6.62,0.0,2.3,0.81
07/30/2025-16:11:26.944463,0.05,0.0,0.0,0.0,0.0,0.0,0.0,15.42,23.72,0.0,3.42,1.56,0.0,19.71,8.73,5.72,4.73,0.56,0.0,5.69,1.56,0.0,3.2,1.01,0.0,19.86,4.88,2.43,2.13,0.81,0.19,0.45,6.62,0.0,2.3,0.81
07/30/2025-16:11:27.387038,0.05,0.0,0.0,0.0,0.0,0.0,0.0,15.42,23.72,0.0,3.42,1.56,0.0,19.71,8.73,5.72,4.73,0.56,0.0,5.69,1.56,0.0,3.2,1.01,0.0,19.86,4.88,2.43,2.13,0.81,0.19,0.45,6.62,0.0,2.3,0.81
07/30/2025-16:11:27.815904,0.05,0.0,0.0,0.0,0.0,0.0,0.0,15.45,23.83,0.0,3.43,1.53,0.0,19.79,8.68,5.76,4.75,0.56,0.0,5.79,1.58,0.0,3.22,1.03,0.0,19.93,4.92,2.47,2.14,0.78,0.12,0.46,6.66,0.0,2.31,0.85
07/30/2025-16:11:28.265451,0.05,0.0,0.0,0.0,0.0,0.0,0.0,15.45,23.83,0.0,3.43,1.53,0.0,19.79,8.68,5.76,4.75,0.56,0.0,5.79,1.58,0.0,3.22,1.03,0.0,19.93,4.92,2.47,2.14,0.78,0.12,0.46,6.66,0.0,2.31,0.85
07/30/2025-16:11:28.715345,0.05,0.0,0.0,0.0,0.0,0.0,0.0,15.45,23.83,0.0,3.43,1.53,0.0,19.79,8.68,5.76,4.75,0.56,0.0,5.79,1.58,0.0,3.22,1.03,0.0,19.93,4.92,2.47,2.14,0.78,0.12,0.46,6.66,0.0,2.31,0.85
07/30/2025-16:11:29.154020,0.05,0.0,0.0,0.0,0.0,0.0,0.0,15.45,23.83,0.0,3.43,1.53,0.0,19.79,8.68,5.76,4.75,0.56,0.0,5.79,1.58,0.0,3.22,1.03,0.0,19.93,4.92,2.47,2.14,0.78,0.12,0.46,6.66,0.0,2.31,0.85
07/30/2025-16:11:29.632732,0.05,0.0,0.0,0.0,0.0,0.0,0.0,15.29,23.78,0.0,3.33,1.57,0.0,19.73,8.72,5.74,4.75,0.55,0.0,6.03,1.63,0.0,3.2,1.05,0.0,19.89,4.97,2.52,2.13,0.81,0.37,0.48,6.62,0.0,2.28,0.85
07/30/2025-16:11:30.109770,0.05,0.0,0.0,0.0,0.0,0.0,0.0,15.29,23.78,0.0,3.33,1.57,0.0,19.73,8.72,5.74,4.75,0.55,0.0,6.03,1.63,0.0,3.2,1.05,0.0,19.89,4.97,2.52,2.13,0.81,0.37,0.48,6.62,0.0,2.28,0.85
07/30/2025-16:11:30.641135,0.05,0.0,0.0,0.0,0.0,0.0,0.0,15.29,23.78,0.0,3.33,1.57,0.0,19.73,8.72,5.74,4.75,0.55,0.0,6.03,1.63,0.0,3.2,1.05,0.0,19.89,4.97,2.52,2.13,0.81,0.37,0.48,6.62,0.0,2.28,0.85
07/30/2025-16:11:31.136600,0.14,0.0,0.0,0.0,0.0,0.0,0.0,15.35,23.79,0.0,3.44,1.6,0.0,19.86,8.71,5.75,4.76,0.56,0.0,5.35,1.62,0.0,3.24,1.03,0.0,20.02,4.92,2.48,2.13,0.78,0.54,0.51,6.68,0.0,2.26,0.85
07/30/2025-16:11:31.574138,0.14,0.0,0.0,0.0,0.0,0.0,0.0,15.35,23.79,0.0,3.44,1.6,0.0,19.86,8.71,5.75,4.76,0.56,0.0,5.35,1.62,0.0,3.24,1.03,0.0,20.02,4.92,2.48,2.13,0.78,0.54,0.51,6.68,0.0,2.26,0.85
07/30/2025-16:11:32.064412,0.14,0.0,0.0,0.0,0.0,0.0,0.0,15.35,23.79,0.0,3.44,1.6,0.0,19.86,8.71,5.75,4.76,0.56,0.0,5.35,1.62,0.0,3.24,1.03,0.0,20.02,4.92,2.48,2.13,0.78,0.54,0.51,6.68,0.0,2.26,0.85
07/30/2025-16:11:32.492418,0.14,0.0,0.0,0.0,0.0,0.0,0.0,15.35,23.79,0.0,3.44,1.6,0.0,19.86,8.71,5.75,4.76,0.56,0.0,5.35,1.62,0.0,3.24,1.03,0.0,20.02,4.92,2.48,2.13,0.78,0.54,0.51,6.68,0.0,2.26,0.85
07/30/2025-16:11:32.971211,0.14,0.0,0.0,0.0,0.0,0.0,0.0,15.35,23.8,0.0,3.48,1.56,0.0,19.86,8.68,5.8,4.78,0.53,0.0,5.35,1.55,0.0,3.26,1.05,0.0,19.96,4.88,2.47,2.09,0.83,0.38,0.45,6.71,0.0,2.27,0.87
07/30/2025-16:11:33.402550,0.14,0.0,0.0,0.0,0.0,0.0,0.0,15.35,23.8,0.0,3.48,1.56,0.0,19.86,8.68,5.8,4.78,0.53,0.0,5.35,1.55,0.0,3.26,1.05,0.0,19.96,4.88,2.47,2.09,0.83,0.38,0.45,6.71,0.0,2.27,0.87
07/30/2025-16:11:33.946651,0.14,0.0,0.0,0.0,0.0,0.0,0.0,15.35,23.8,0.0,3.48,1.56,0.0,19.86,8.68,5.8,4.78,0.53,0.0,5.35,1.55,0.0,3.26,1.05,0.0,19.96,4.88,2.47,2.09,0.83,0.38,0.45,6.71,0.0,2.27,0.87
07/30/2025-16:11:34.387360,0.14,0.0,0.0,0.0,0.0,0.0,0.0,15.35,23.8,0.0,3.48,1.56,0.0,19.86,8.68,5.8,4.78,0.53,0.0,5.35,1.55,0.0,3.26,1.05,0.0,19.96,4.88,2.47,2.09,0.83,0.38,0.45,6.71,0.0,2.27,0.87
07/30/2025-16:11:34.811520,0.05,0.0,0.0,0.0,0.0,0.0,0.0,15.41,23.79,0.0,3.51,1.62,0.0,19.9,8.68,5.79,4.78,0.51,0.0,5.3,1.51,0.0,3.26,1.03,0.0,20.01,4.87,2.42,2.13,0.84,0.28,0.43,6.66,0.0,2.25,0.86
07/30/2025-16:11:35.276475,0.05,0.0,0.0,0.0,0.0,0.0,0.0,15.41,23.79,0.0,3.51,1.62,0.0,19.9,8.68,5.79,4.78,0.51,0.0,5.3,1.51,0.0,3.26,1.03,0.0,20.01,4.87,2.42,2.13,0.84,0.28,0.43,6.66,0.0,2.25,0.86
07/30/2025-16:11:35.843312,0.05,0.0,0.0,0.0,0.0,0.0,0.0,15.41,23.79,0.0,3.51,1.62,0.0,19.9,8.68,5.79,4.78,0.51,0.0,5.3,1.51,0.0,3.26,1.03,0.0,20.01,4.87,2.42,2.13,0.84,0.28,0.43,6.66,0.0,2.25,0.86
07/30/2025-16:11:36.273999,0.05,0.0,0.0,0.0,0.0,0.0,0.0,15.41,23.79,0.0,3.51,1.62,0.0,19.9,8.68,5.79,4.78,0.51,0.0,5.3,1.51,0.0,3.26,1.03,0.0,20.01,4.87,2.42,2.13,0.84,0.28,0.43,6.66,0.0,2.25,0.86
07/30/2025-16:11:36.840239,0.05,0.0,0.0,0.0,0.0,0.0,0.0,15.41,23.71,0.0,3.51,1.61,0.0,19.75,8.63,5.8,4.78,0.55,0.0,5.21,1.55,0.0,3.28,1.05,0.0,20.0,4.97,2.54,2.14,0.8,0.0,0.45,6.85,0.0,2.3,0.88
07/30/2025-16:11:37.306504,0.05,0.0,0.0,0.0,0.0,0.0,0.0,15.41,23.71,0.0,3.51,1.61,0.0,19.75,8.63,5.8,4.78,0.55,0.0,5.21,1.55,0.0,3.28,1.05,0.0,20.0,4.97,2.54,2.14,0.8,0.0,0.45,6.85,0.0,2.3,0.88
07/30/2025-16:11:37.810842,0.05,0.0,0.0,0.0,0.0,0.0,0.0,15.41,23.71,0.0,3.51,1.61,0.0,19.75,8.63,5.8,4.78,0.55,0.0,5.21,1.55,0.0,3.28,1.05,0.0,20.0,4.97,2.54,2.14,0.8,0.0,0.45,6.85,0.0,2.3,0.88
07/30/2025-16:11:38.287270,0.05,0.0,0.0,0.0,0.0,0.0,0.0,15.36,23.51,0.0,3.42,1.53,0.0,19.84,8.68,5.76,4.78,0.52,0.0,5.11,1.63,0.0,3.25,1.03,0.0,19.82,4.95,2.54,2.14,0.84,0.0,0.32,6.85,0.0,2.28,0.86
07/30/2025-16:11:38.772355,0.05,0.0,0.0,0.0,0.0,0.0,0.0,15.36,23.51,0.0,3.42,1.53,0.0,19.84,8.68,5.76,4.78,0.52,0.0,5.11,1.63,0.0,3.25,1.03,0.0,19.82,4.95,2.54,2.14,0.84,0.0,0.32,6.85,0.0,2.28,0.86
07/30/2025-16:11:39.269287,0.05,0.0,0.0,0.0,0.0,0.0,0.0,15.36,23.51,0.0,3.42,1.53,0.0,19.84,8.68,5.76,4.78,0.52,0.0,5.11,1.63,0.0,3.25,1.03,0.0,19.82,4.95,2.54,2.14,0.84,0.0,0.32,6.85,0.0,2.28,0.86
07/30/2025-16:11:39.747172,0.05,0.0,0.0,0.0,0.0,0.0,0.0,15.36,23.51,0.0,3.42,1.53,0.0,19.84,8.68,5.76,4.78,0.52,0.0,5.11,1.63,0.0,3.25,1.03,0.0,19.82,4.95,2.54,2.14,0.84,0.0,0.32,6.85,0.0,2.28,0.86
07/30/2025-16:11:40.257018,0.14,0.0,0.0,0.0,0.0,0.0,0.0,15.46,23.39,0.0,3.52,1.61,0.0,19.81,8.61,5.82,4.82,0.5,0.0,5.3,1.62,0.0,3.25,1.05,0.0,19.8,4.95,2.53,2.14,0.86,0.0,0.38,6.88,0.0,2.28,0.88
07/30/2025-16:11:40.804012,0.14,0.0,0.0,0.0,0.0,0.0,0.0,15.46,23.39,0.0,3.52,1.61,0.0,19.81,8.61,5.82,4.82,0.5,0.0,5.3,1.62,0.0,3.25,1.05,0.0,19.8,4.95,2.53,2.14,0.86,0.0,0.38,6.88,0.0,2.28,0.88
07/30/2025-16:11:41.323959,0.14,0.0,0.0,0.0,0.0,0.0,0.0,15.46,23.39,0.0,3.52,1.61,0.0,19.81,8.61,5.82,4.82,0.5,0.0,5.3,1.62,0.0,3.25,1.05,0.0,19.8,4.95,2.53,2.14,0.86,0.0,0.38,6.88,0.0,2.28,0.88
07/30/2025-16:11:41.853777,0.0,0.0,0.0,0.0,0.0,0.0,0.0,15.53,23.51,0.0,3.51,1.6,0.0,19.79,8.74,5.78,4.77,0.51,0.0,5.35,1.63,0.0,3.24,1.07,0.0,19.84,5.05,2.57,2.16,0.86,0.0,0.42,6.97,0.0,2.22,0.87
07/30/2025-16:11:42.293282,0.0,0.0,0.0,0.0,0.0,0.0,0.0,15.53,23.51,0.0,3.51,1.6,0.0,19.79,8.74,5.78,4.77,0.51,0.0,5.35,1.63,0.0,3.24,1.07,0.0,19.84,5.05,2.57,2.16,0.86,0.0,0.42,6.97,0.0,2.22,0.87
07/30/2025-16:11:42.774832,0.0,0.0,0.0,0.0,0.0,0.0,0.0,15.53,23.51,0.0,3.51,1.6,0.0,19.79,8.74,5.78,4.77,0.51,0.0,5.35,1.63,0.0,3.24,1.07,0.0,19.84,5.05,2.57,2.16,0.86,0.0,0.42,6.97,0.0,2.22,0.87
07/30/2025-16:11:43.230203,0.0,0.0,0.0,0.0,0.0,0.0,0.0,15.53,23.51,0.0,3.51,1.6,0.0,19.79,8.74,5.78,4.77,0.51,0.0,5.35,1.63,0.0,3.24,1.07,0.0,19.84,5.05,2.57,2.16,0.86,0.0,0.42,6.97,0.0,2.22,0.87
07/30/2025-16:11:43.708551,0.0,0.0,0.0,0.0,0.0,0.0,0.0,15.39,23.57,0.0,3.51,1.61,0.0,19.6,8.65,5.83,4.79,0.52,0.0,5.01,1.66,0.0,3.24,1.03,0.0,19.74,4.93,2.47,2.08,0.78,0.0,0.52,6.87,0.0,2.29,0.86
07/30/2025-16:11:44.152831,0.0,0.0,0.0,0.0,0.0,0.0,0.0,15.39,23.57,0.0,3.51,1.61,0.0,19.6,8.65,5.83,4.79,0.52,0.0,5.01,1.66,0.0,3.24,1.03,0.0,19.74,4.93,2.47,2.08,0.78,0.0,0.52,6.87,0.0,2.29,0.86
07/30/2025-16:11:44.665567,0.0,0.0,0.0,0.0,0.0,0.0,0.0,15.39,23.57,0.0,3.51,1.61,0.0,19.6,8.65,5.83,4.79,0.52,0.0,5.01,1.66,0.0,3.24,1.03,0.0,19.74,4.93,2.47,2.08,0.78,0.0,0.52,6.87,0.0,2.29,0.86
07/30/2025-16:11:45.131594,0.0,0.0,0.0,0.0,0.0,0.0,0.0,15.39,23.57,0.0,3.51,1.61,0.0,19.6,8.65,5.83,4.79,0.52,0.0,5.01,1.66,0.0,3.24,1.03,0.0,19.74,4.93,2.47,2.08,0.78,0.0,0.52,6.87,0.0,2.29,0.86
07/30/2025-16:11:45.574191,0.05,0.0,0.0,0.0,0.0,0.0,0.0,15.19,23.06,0.0,3.48,1.57,0.0,18.81,8.33,5.83,4.72,0.55,0.0,4.58,1.64,0.0,3.21,1.05,0.0,19.71,5.05,2.61,2.09,0.87,0.0,0.48,6.92,0.0,2.31,0.89
07/30/2025-16:11:46.049818,0.05,0.0,0.0,0.0,0.0,0.0,0.0,15.19,23.06,0.0,3.48,1.57,0.0,18.81,8.33,5.83,4.72,0.55,0.0,4.58,1.64,0.0,3.21,1.05,0.0,19.71,5.05,2.61,2.09,0.87,0.0,0.48,6.92,0.0,2.31,0.89
07/30/2025-16:11:46.487979,0.05,0.0,0.0,0.0,0.0,0.0,0.0,15.19,23.06,0.0,3.48,1.57,0.0,18.81,8.33,5.83,4.72,0.55,0.0,4.58,1.64,0.0,3.21,1.05,0.0,19.71,5.05,2.61,2.09,0.87,0.0,0.48,6.92,0.0,2.31,0.89
07/30/2025-16:11:46.934144,0.05,0.0,0.0,0.0,0.0,0.0,0.0,15.19,23.06,0.0,3.48,1.57,0.0,18.81,8.33,5.83,4.72,0.55,0.0,4.58,1.64,0.0,3.21,1.05,0.0,19.71,5.05,2.61,2.09,0.87,0.0,0.48,6.92,0.0,2.31,0.89
07/30/2025-16:11:47.386177,0.14,0.0,0.0,0.0,0.0,0.0,0.0,15.3,23.54,0.0,3.52,1.58,0.0,19.04,8.54,5.82,4.78,0.54,0.0,5.01,1.57,0.0,3.23,1.07,0.0,19.86,4.93,2.56,2.09,0.86,0.0,0.49,7.0,0.0,2.18,0.9
07/30/2025-16:11:47.833947,0.14,0.0,0.0,0.0,0.0,0.0,0.0,15.3,23.54,0.0,3.52,1.58,0.0,19.04,8.54,5.82,4.78,0.54,0.0,5.01,1.57,0.0,3.23,1.07,0.0,19.86,4.93,2.56,2.09,0.86,0.0,0.49,7.0,0.0,2.18,0.9
07/30/2025-16:11:48.331237,0.14,0.0,0.0,0.0,0.0,0.0,0.0,15.3,23.54,0.0,3.52,1.58,0.0,19.04,8.54,5.82,4.78,0.54,0.0,5.01,1.57,0.0,3.23,1.07,0.0,19.86,4.93,2.56,2.09,0.86,0.0,0.49,7.0,0.0,2.18,0.9
07/30/2025-16:11:48.857164,0.09,0.0,0.0,0.0,0.0,0.0,0.0,15.34,23.51,0.0,3.5,1.6,0.0,19.37,8.53,5.84,4.81,0.52,0.0,4.82,1.66,0.0,3.24,0.96,0.0,19.68,5.15,2.45,2.11,0.77,0.05,0.48,7.04,0.0,2.19,0.9
07/30/2025-16:11:49.326178,0.09,0.0,0.0,0.0,0.0,0.0,0.0,15.34,23.51,0.0,3.5,1.6,0.0,19.37,8.53,5.84,4.81,0.52,0.0,4.82,1.66,0.0,3.24,0.96,0.0,19.68,5.15,2.45,2.11,0.77,0.05,0.48,7.04,0.0,2.19,0.9
07/30/2025-16:11:49.799698,0.09,0.0,0.0,0.0,0.0,0.0,0.0,15.34,23.51,0.0,3.5,1.6,0.0,19.37,8.53,5.84,4.81,0.52,0.0,4.82,1.66,0.0,3.24,0.96,0.0,19.68,5.15,2.45,2.11,0.77,0.05,0.48,7.04,0.0,2.19,0.9
07/30/2025-16:11:50.268181,0.09,0.0,0.0,0.0,0.0,0.0,0.0,15.34,23.51,0.0,3.5,1.6,0.0,19.37,8.53,5.84,4.81,0.52,0.0,4.82,1.66,0.0,3.24,0.96,0.0,19.68,5.15,2.45,2.11,0.77,0.05,0.48,7.04,0.0,2.19,0.9
07/30/2025-16:11:50.809050,0.14,0.0,0.0,0.0,0.0,0.0,0.0,15.32,23.41,0.0,3.53,1.6,0.0,19.18,8.45,5.86,4.81,0.53,0.0,4.92,1.58,0.0,3.22,1.09,0.0,19.77,5.16,2.33,2.09,0.89,0.37,0.4,7.02,0.0,2.2,0.89
07/30/2025-16:11:51.248999,0.14,0.0,0.0,0.0,0.0,0.0,0.0,15.32,23.41,0.0,3.53,1.6,0.0,19.18,8.45,5.86,4.81,0.53,0.0,4.92,1.58,0.0,3.22,1.09,0.0,19.77,5.16,2.33,2.09,0.89,0.37,0.4,7.02,0.0,2.2,0.89
07/30/2025-16:11:51.741835,0.14,0.0,0.0,0.0,0.0,0.0,0.0,15.32,23.41,0.0,3.53,1.6,0.0,19.18,8.45,5.86,4.81,0.53,0.0,4.92,1.58,0.0,3.22,1.09,0.0,19.77,5.16,2.33,2.09,0.89,0.37,0.4,7.02,0.0,2.2,0.89
07/30/2025-16:11:52.220117,0.14,0.0,0.0,0.0,0.0,0.0,0.0,15.32,23.41,0.0,3.53,1.6,0.0,19.18,8.45,5.86,4.81,0.53,0.0,4.92,1.58,0.0,3.22,1.09,0.0,19.77,5.16,2.33,2.09,0.89,0.37,0.4,7.02,0.0,2.2,0.89
07/30/2025-16:11:52.642775,0.09,0.0,0.0,0.0,0.0,0.0,0.0,15.39,23.21,0.0,3.26,1.61,0.0,19.58,8.52,5.44,4.56,0.55,0.0,4.72,1.57,0.0,3.06,1.07,0.0,20.97,5.1,2.47,1.91,0.84,0.0,0.31,6.61,0.0,2.13,0.88
07/30/2025-16:11:53.130233,0.09,0.0,0.0,0.0,0.0,0.0,0.0,15.39,23.21,0.0,3.26,1.61,0.0,19.58,8.52,5.44,4.56,0.55,0.0,4.72,1.57,0.0,3.06,1.07,0.0,20.97,5.1,2.47,1.91,0.84,0.0,0.31,6.61,0.0,2.13,0.88
07/30/2025-16:11:53.579540,0.09,0.0,0.0,0.0,0.0,0.0,0.0,15.39,23.21,0.0,3.26,1.61,0.0,19.58,8.52,5.44,4.56,0.55,0.0,4.72,1.57,0.0,3.06,1.07,0.0,20.97,5.1,2.47,1.91,0.84,0.0,0.31,6.61,0.0,2.13,0.88
07/30/2025-16:11:54.068887,0.09,0.0,0.0,0.0,0.0,0.0,0.0,15.39,23.21,0.0,3.26,1.61,0.0,19.58,8.52,5.44,4.56,0.55,0.0,4.72,1.57,0.0,3.06,1.07,0.0,20.97,5.1,2.47,1.91,0.84,0.0,0.31,6.61,0.0,2.13,0.88
07/30/2025-16:11:54.539014,0.18,0.0,0.0,0.0,0.0,0.0,0.0,15.52,21.73,0.0,3.12,1.56,0.0,19.18,8.76,5.0,4.07,0.55,0.0,4.68,1.61,0.0,2.76,1.07,0.0,19.18,5.1,2.13,1.77,0.86,0.0,0.2,6.78,0.0,2.16,0.88
07/30/2025-16:11:55.011917,0.18,0.0,0.0,0.0,0.0,0.0,0.0,15.52,21.73,0.0,3.12,1.56,0.0,19.18,8.76,5.0,4.07,0.55,0.0,4.68,1.61,0.0,2.76,1.07,0.0,19.18,5.1,2.13,1.77,0.86,0.0,0.2,6.78,0.0,2.16,0.88
07/30/2025-16:11:55.517034,0.18,0.0,0.0,0.0,0.0,0.0,0.0,15.52,21.73,0.0,3.12,1.56,0.0,19.18,8.76,5.0,4.07,0.55,0.0,4.68,1.61,0.0,2.76,1.07,0.0,19.18,5.1,2.13,1.77,0.86,0.0,0.2,6.78,0.0,2.16,0.88
07/30/2025-16:11:55.984771,0.18,6.21,0.0,0.0,0.0,0.0,0.0,0.0,0.0,0.2,1.75,1.17,0.0,0.0,0.0,0.0,0.0,0.59,0.0,0.0,0.0,2.04,0.0,1.05,0.0,0.0,0.0,0.0,0.0,0.81,0.0,0.0,0.0,11.33,0.0,0.87
07/30/2025-16:11:56.403518,0.18,6.21,0.0,0.0,0.0,0.0,0.0,0.0,0.0,0.2,1.75,1.17,0.0,0.0,0.0,0.0,0.0,0.59,0.0,0.0,0.0,2.04,0.0,1.05,0.0,0.0,0.0,0.0,0.0,0.81,0.0,0.0,0.0,11.33,0.0,0.87
07/30/2025-16:11:56.844736,0.18,6.21,0.0,0.0,0.0,0.0,0.0,0.0,0.0,0.2,1.75,1.17,0.0,0.0,0.0,0.0,0.0,0.59,0.0,0.0,0.0,2.04,0.0,1.05,0.0,0.0,0.0,0.0,0.0,0.81,0.0,0.0,0.0,11.33,0.0,0.87
07/30/2025-16:11:57.286372,0.18,6.21,0.0,0.0,0.0,0.0,0.0,0.0,0.0,0.2,1.75,1.17,0.0,0.0,0.0,0.0,0.0,0.59,0.0,0.0,0.0,2.04,0.0,1.05,0.0,0.0,0.0,0.0,0.0,0.81,0.0,0.0,0.0,11.33,0.0,0.87
07/30/2025-16:11:57.782759,0.09,5.93,0.0,0.0,0.0,0.0,0.0,0.0,0.0,0.23,1.66,1.19,0.0,0.0,0.0,0.0,0.0,0.62,0.0,0.0,0.0,1.95,0.0,1.03,0.0,0.0,0.0,0.0,0.0,0.84,0.0,0.0,0.0,10.44,0.0,0.89
07/30/2025-16:11:58.252742,0.09,5.93,0.0,0.0,0.0,0.0,0.0,0.0,0.0,0.23,1.66,1.19,0.0,0.0,0.0,0.0,0.0,0.62,0.0,0.0,0.0,1.95,0.0,1.03,0.0,0.0,0.0,0.0,0.0,0.84,0.0,0.0,0.0,10.44,0.0,0.89
07/30/2025-16:11:58.799659,0.09,5.93,0.0,0.0,0.0,0.0,0.0,0.0,0.0,0.23,1.66,1.19,0.0,0.0,0.0,0.0,0.0,0.62,0.0,0.0,0.0,1.95,0.0,1.03,0.0,0.0,0.0,0.0,0.0,0.84,0.0,0.0,0.0,10.44,0.0,0.89
07/30/2025-16:11:59.258829,0.09,5.93,0.0,0.0,0.0,0.0,0.0,0.0,0.0,0.23,1.66,1.19,0.0,0.0,0.0,0.0,0.0,0.62,0.0,0.0,0.0,1.95,0.0,1.03,0.0,0.0,0.0,0.0,0.0,0.84,0.0,0.0,0.0,10.44,0.0,0.89
07/30/2025-16:11:59.721209,0.32,5.82,0.0,0.0,0.0,0.0,0.0,0.0,0.0,0.17,1.85,1.24,0.0,0.0,0.0,0.0,0.0,0.63,0.0,0.0,0.0,1.86,0.0,1.05,0.0,0.0,0.0,0.0,0.0,0.84,0.0,0.0,0.0,9.93,0.0,0.88
07/30/2025-16:12:00.144963,0.32,5.82,0.0,0.0,0.0,0.0,0.0,0.0,0.0,0.17,1.85,1.24,0.0,0.0,0.0,0.0,0.0,0.63,0.0,0.0,0.0,1.86,0.0,1.05,0.0,0.0,0.0,0.0,0.0,0.84,0.0,0.0,0.0,9.93,0.0,0.88
